Mixture,B cells naive,B cells memory,Plasma cells,T cells CD8,T cells CD4 naive,T cells CD4 memory resting,T cells CD4 memory activated,T cells follicular helper,T cells regulatory (Tregs),T cells gamma delta,NK cells resting,NK cells activated,Monocytes,Macrophages M0,Macrophages M1,Macrophages M2,Dendritic cells resting,Dendritic cells activated,Mast cells resting,Mast cells activated,Eosinophils,Neutrophils,P-value,Correlation,RMSE
TCGA-FV-A495-01,0.009579024,0.017303684,0,0.121881688,0,0.210635374,0,0.034737063,0.104884905,0,0,0.03856379,0.059714097,0.053673664,0.085189155,0.169461024,0.005898142,0,0.08847839,0,0,0,0.39,0.031365239,1.078468542
TCGA-G3-A3CH-11,0.072837709,0,0.011157297,0.216862494,0,0.049797582,0,0.043210395,0.040759658,0.017964621,0.056670962,0,0.003153772,0.004037117,0.09538689,0.362586694,0,0,0.013907692,0,0,0.011667118,0.5,0.017495792,1.095436405
TCGA-CC-A3MB-01,0.099995732,0,0,0.11643331,0,0.137426394,0,0.041694466,0.062788997,0,0.036497822,0.00970994,0.011735185,0.077210076,0.078621047,0.307482271,0,0,0.020404757,0,0,0,0.9,-0.031531951,1.107150468
TCGA-BC-A3KF-01,0.150736316,0,0.034637569,0,0,0.250917334,0,0.044561637,0.054111316,0,0,0.028577019,0,0,0.065447587,0.300578294,0,0,0.062253072,0,0,0.008179856,0.84,-0.022657459,1.091635341
TCGA-DD-A4NV-01,0,0.004888852,0,0,0,0.2855267,0,0.005657395,0.060230074,0,0.088539182,0.01387952,0.098218487,0.105916363,0.040554217,0.10092827,0.001788064,0,0.180177304,0,0,0.013695573,0.54,0.011576721,1.080902196
TCGA-CC-A1HT-01,0.003056834,0,0.007008447,0.03038414,0,0.116045413,0,0.070656015,0.007106093,0,0,0.063756717,0.024886052,0.107868656,0.168863531,0.321608096,0.003609297,0,0.075150708,0,0,0,0.01,0.323076035,0.962225151
TCGA-BD-A3EP-01,0.092190146,0.090875535,0.036983687,0.070722123,0,0.206349226,0,0.072336988,0.061762958,0,0.029185551,0,0.00328012,0.0231953,0.055940933,0.253541862,0.002177976,0,0,0,0,0.001457595,0.21,0.079584737,1.056265028
TCGA-FV-A3R2-11,0.069043798,0,0,0.14314321,0,0.107232347,0,0.046227623,0.002913702,0.025537907,0,0.01192305,0.036056999,0.038968539,0.051079422,0.439292256,0,0,0,0.023465509,0,0.005115639,0.36,0.034829366,1.090028458
TCGA-CC-A3MA-01,0.022736122,0,0,0.04707826,0,0.065832737,0,0.017699236,0.038523795,0,0,0.029571523,0,0.538430939,0.032070518,0.183725008,0,0,0.024331863,0,0,0,0,0.663538258,0.748235643
TCGA-ZP-A9CV-01,0.089254306,0,0,0.102614163,0,0.236358169,0,0,0.055081433,0,0.013876913,0.007117322,0.040043054,0,0.086208711,0.284498071,0,0.040395434,0.033687441,0,0,0.010864982,0.56,0.006360209,1.089479794
TCGA-DD-AACY-01,0.123815295,0,0,0.097645077,0,0.2606347,0,0.050742218,0.029520751,0,0,0.080079306,0.006339195,0.039402548,0.036376533,0.272085494,0,0,0.003358883,0,0,0,0.87,-0.026241174,1.114478995
TCGA-XR-A8TG-01,0.141820332,0,0.051375957,0,0,0.221721404,0,0.0456466,0.060135723,0,0,0.058498795,0.013715541,0.095370889,0.096631076,0.142900921,0,0,0,0.061753586,0,0.010429174,0.55,0.007949193,1.084753611
TCGA-CC-A9FW-01,0.057933433,0,0.021353947,0.12922763,0,0.078390879,0,0.04016304,0.097583043,0,0,0.037199429,0.010810682,0.276910061,0.056069404,0.079943272,0,0,0.114415181,0,0,0,0.46,0.026967819,1.084798012
TCGA-BC-A10Y-01,0.066802041,0,0.007424596,0.08393366,0,0.241844964,0,0.063934572,0.079578183,0,0.001145264,0.039057256,0.043086308,0.018168623,0.128886683,0.193290834,0,0,0.032847017,0,0,0,0.61,0.001955193,1.100361923
TCGA-KR-A7K7-01,0.009402527,0,0.042977809,0.390914538,0,0,0,0.106067021,0.057432072,0,0,0,0.0079584,0.217725215,0.032263388,0.068852201,0,0,0.06640683,0,0,0,0.36,0.034785224,1.09736918
TCGA-ED-A459-01,0.062731754,0,0.124920894,0,0,0.046958689,0,0.058377327,0.019350083,0,0,0.034977843,0,0.146424896,0.024855417,0.47198293,0,0.005302967,0,0,0,0.0041172,0.5,0.019346372,1.10656914
TCGA-PD-A5DF-01,0.026890431,0,5.77E-05,0,0,0.120008711,0.001021189,0.018689982,0.058894828,0.010977245,0.064739333,0,0,0.597681482,0.042526914,0.032793479,0,0,0.025718697,0,0,0,0.03,0.24623361,1.047095079
TCGA-ED-A5KG-01,0.15936065,0.053102311,0,0.136081536,0,0.177610767,0,0.018346666,0.108316289,0,0.068593356,0,0.020466919,0.105577806,0.089607054,0.062936646,0,0,0,0,0,0,0,0.475409213,0.878911868
TCGA-DD-AAVX-01,0.066172238,0,0.028731357,0.01639471,0,0.203933582,0,0.01801364,0.060135063,0.000628465,0,0.05228228,0.050670282,0.027156703,0.131880549,0.270478948,0,0,0.073522184,0,0,0,0.5,0.019373886,1.082810473
TCGA-ED-A7PY-01,0.077260171,0,0,0.163118745,0,0.074194173,0,0.029429581,0.067642659,0,0,0.083683195,0.032690004,0.082577766,0.049054834,0.270918847,0.006033989,0,0.063396035,0,0,0,0.84,-0.022011603,1.101849461
TCGA-RC-A7SF-01,0.051326849,0,0.059411971,0.084439197,0,0,0,0.134968708,0.030238453,0.040007776,0.004174247,0,0,0.340521373,0.135290837,0.019590712,0.003549857,0,0.09648002,0,0,0,0.08,0.143010482,1.047103964
TCGA-DD-AAW0-01,0.009670726,0,0,0.011356641,0,0.147316345,0,0.000534351,0.086854511,0,0.046615719,0,0.050035984,0.40656733,0.074483771,0.113706527,0.00566013,0,0.047197966,0,0,0,0.07,0.184670817,1.04283626
TCGA-ED-A66X-01,0.062156333,0,0.011201243,0.044200413,0,0.110528315,0,0.011333521,0.042919698,0,0.00844197,0.005960861,0.001929353,0.289960924,0.025518768,0.350646016,0,0,0.035202585,0,0,0,0.07,0.171117205,1.048064396
TCGA-DD-AAC8-01,0.01636444,0,0.007349838,0.0009282,0.047016926,0,0.00479839,0.037258836,0.074629672,0,0.102171666,0.025419067,0.090050476,0.140113457,0.009664045,0.430753647,0,0,0,0,0,0.013481343,0.23,0.070671893,1.088979167
TCGA-FV-A3I1-01,0.029719005,0,0.015372638,0.040698116,0,0.153785032,0.001554256,0.065881664,0.096488537,0,0.059406571,0,0.040946309,0.311836369,0.048499746,0.060742469,0.007233348,0,0.067835941,0,0,0,0.08,0.154398398,1.034095873
TCGA-RC-A7S9-01,0.079612183,0,0.05941786,0.081641783,0,0.16158525,0,0.111964784,0.045916468,0,0,0.044497844,0.021379399,0.049280104,0.086040813,0.21272576,0.007061344,0,0.038876408,0,0,0,0.84,-0.022996741,1.091932253
TCGA-ZP-A9D2-01,0.012679191,0.009931745,0.011680397,0.011158305,0,0.141585033,0,0.030230129,0.039888246,0,0,0.066614809,0.015440378,0.15501439,0.081450584,0.28253145,0,0,0.137737238,0,0,0.004058103,0.21,0.082918819,1.061802271
TCGA-G3-A5SL-01,0.009982776,0.001688277,0,0,0,0.21954368,0,0.023480013,0.009300602,0,0.018393222,0.060473312,0.028061512,0.165519902,0.083406559,0.082183169,0.004427712,0,0.282467134,0,0,0.01107213,0.31,0.050843126,1.079454743
TCGA-DD-A3A2-11,0.017354592,0.002606431,0.03623027,0,0,0.260945168,0,0.022876429,0,0,0,0.101670388,0.038123385,0,0.028942589,0.304351496,0.000174731,0,0.186724519,0,0,0,0.75,-0.012285806,1.09286393
TCGA-CC-A3M9-01,0,0.010721644,0.000266972,0.376860607,0,0.041555159,0,0.077278104,0.047006527,0,0,0.003656349,0.025894696,0,0.06407951,0.346758154,0.005922277,0,0,0,0,0,0,0.403648019,0.919238946
TCGA-BC-A216-01,0.077851992,0,0.090681168,0.362429919,0,0.028712515,0.01689665,0.06420204,0.087382798,0,0,0.085958391,0.02823904,0.0217707,0.041372266,0.035963818,0,0,0.058212832,0,0,0.00032587,0.65,-0.001730816,1.121921014
TCGA-ED-A7XP-01,0.092011797,0,0.012526979,0.053255741,0,0.121599451,0,0.008743304,0.079083178,0,0.032158657,0.029087442,0.017780649,0.125501227,0.048959628,0.323126449,0.015558163,0,0.040607335,0,0,0,0.36,0.033388852,1.078865625
TCGA-BC-A10T-11,0.001969126,0,0.036109197,0.027398536,0,0.13069652,0,0.023684155,0.005246412,0.058128644,0,0.066767957,0.110630514,0.077055366,0.040086746,0.20751192,0.001375087,0,0.186479819,0,0,0.026860004,0.48,0.022675947,1.076300305
TCGA-DD-A11A-01,0.122565828,0,0.1127677,0.03028311,0,0,0,0.012156332,0.025344757,0.005200811,0.020286976,0.070771607,0.103902265,0.142183796,0.027790257,0.305704423,0,0,0,0,0,0.021042137,0.36,0.03582626,1.080323229
TCGA-DD-A73B-01,0.041604882,0,0.047167152,0.0635555,0,0.10618636,0,0.047087829,0.011677061,0,0.058782505,0.07226946,0.06077337,0,0.08628604,0.324826037,0,0,0.074037598,0,0,0.005746206,0.99,-0.051951269,1.110200286
TCGA-DD-AACA-02,0.010312532,0.017011451,0.014176993,0,0,0.229260221,0,0.007664831,0.051292049,0,0.068440681,0.058249379,0.067563352,0.257298272,0.013364319,0.046428874,0.013339961,0,0.138797947,0,0,0.006799138,0.23,0.072165926,1.065672899
TCGA-DD-AACA-01,0,0.008431053,0.074369079,0,0,0.207268048,0,0.073315719,0.010903916,0,0.144691267,0,0.048795628,0.141954412,0.014223024,0.035941533,0,0,0.228440971,0,0,0.011665349,0.49,0.02068516,1.077989019
TCGA-DD-A1EH-01,0.078569931,0,0,0.053125506,0,0.251212516,0,0.006636036,0.023254758,0,0,0.057534202,0.003381167,0.128071345,0.117631783,0.225063232,0,0,0.054627906,0,0,0.000891618,0.37,0.032119185,1.086275499
TCGA-DD-AA3A-01,0,0.032558626,0,0,0,0.22990322,0,0.012749418,0.072722151,0,0,0.184595118,0.041291438,0.276521543,0.047819333,0.006114893,0.032583004,0,0.062789732,0,0,0.000351525,0.07,0.175116753,1.039166044
TCGA-DD-A3A6-11,0.10959561,0,0,0.221985063,0,0.041390593,0,0.113669766,0,0,0,0.082933497,0.037716887,0,0.159508019,0.163314243,0.006607902,0,0.063278418,0,0,0,0.96,-0.041909275,1.132878465
TCGA-RG-A7D4-01,0.071062352,0,0.15254913,0.270147387,0,0,0,0.110369593,0.041164531,0,0,0.03045562,0.033669033,0.173931468,0.035580919,0.072538256,0,0,0.008531713,0,0,0,0.07,0.165546014,1.018827255
TCGA-FV-A2QR-11,0.075312508,0,0,0.108821553,0,0.174560056,0,0.03239437,0.010276085,0.006734551,0,0.038057455,0.05235155,0.086950243,0.118749991,0.269413531,0,0,0,0.024923534,0,0.001454571,0.32,0.046395007,1.08195495
TCGA-DD-A73F-01,0.059662434,0,0.004325186,0.257043423,0,0.191821404,0,0.051938487,0.018379909,0,0,0.052729297,0.037446581,0.070930136,0.07025954,0.154341565,0,0,0.031122037,0,0,0,0.14,0.094115607,1.067622641
TCGA-WX-AA46-01,0.003256921,0,0.028559092,0,0,0.482656945,0,0.014589354,0,0,0.058957923,0.103270659,0.094924119,0.02593178,0.003682805,0.095023698,0.001220913,0,0.034265588,0,0,0.053660201,0.84,-0.022876318,1.129701556
TCGA-K7-AAU7-01,0.07402351,0,0,0,0,0.164910593,0,0.045671347,0.068387324,0,0,0.026475818,0,0.228040336,0.060809915,0.256145237,0.013371201,0,0.0048016,0,0,0.057363118,0.3,0.052575574,1.086247959
TCGA-DD-A3A2-01,0.025336945,0,0,0,0.040390269,0.281900533,0,0.116307154,0.000469076,0,0.067579447,0.043521242,0.033735266,0.011445431,0.083982317,0.146187272,0,0,0.146202138,0,0,0.00294291,0.84,-0.022324351,1.104142464
TCGA-EP-A26S-01,0.085046988,0,0.020912816,0.04597889,0,0.112595483,0,0,0,0,0.08357184,0.027842298,0.028921597,0.136364098,0.065397698,0.323175695,0,0,0.070192597,0,0,0,0.5,0.01874847,1.088527539
TCGA-DD-A1EG-11,0.059727173,0,0,0.105026368,0,0.104662584,0,0.03006914,0.0318024,0,0,0.026079649,0.146072315,0.009659178,0.169070346,0.30263591,0,0,0,0.013586971,0,0.001607965,0.35,0.038724771,1.096355004
TCGA-FV-A2QQ-01,0.016758489,0,0,0.153265036,0,0.003268577,0,0.048763521,0.11166835,0,0.011711474,0,0.001001464,0.234499078,0.083289075,0.215579289,0.000589539,0,0.117217702,0,0,0.002388407,0.27,0.056286403,1.078527717
TCGA-3K-AAZ8-01,0.059323899,0.000762675,0,0.174276393,0,0.231257243,0,0.026753342,0.019119836,0.079589174,0,0.050548018,0.008139759,0.143009765,0.068881471,0.121284896,0,0.004502217,0.012551313,0,0,0,0.56,0.006340322,1.114086245
TCGA-DD-A3A5-01,0.048919379,0,0.116490712,0.23004432,0,0.136867774,0,0.021907392,0.08793629,0,0.01758474,0.055563481,0.0111521,0.005863759,0.026759345,0.211997491,0,0,0.028913217,0,0,0,0.91,-0.032364804,1.106524125
TCGA-DD-AADP-01,0.077516232,0,0,0,0.046421747,0.240319436,0,0.008321915,0.089977653,0,0.126434205,0.002272908,0.069921791,0.172785137,0.105205541,0.004987871,0.004176282,0,0.032873221,0,0,0.018786059,0.51,0.014348649,1.093957184
TCGA-CC-5259-01,0,0,0.096918007,0.162875689,0,0.275043981,0,0.010789113,0.102790363,0,0.002414251,0.059621374,0.001661222,0.17533805,0.033781869,0.058335929,0,0,0.020430153,0,0,0,0.72,-0.006611329,1.110932805
TCGA-DD-AAD2-01,0.044324347,0,0,0.046791958,0,0.235722665,0,0,0.072129568,0,0.015519369,0.013077779,0.008595105,0.219209809,0.072641144,0.257321743,0,0,0.014666513,0,0,0,0.22,0.078270476,1.074444423
TCGA-ES-A2HT-01,0.03927464,0,0.021007162,0.039016193,0,0.092520307,0,0.031107254,0.112813734,0,0,0.06402207,0.015827254,0.163981813,0.059188537,0.325524641,0,0,0.035716395,0,0,0,0.47,0.024623943,1.091151166
TCGA-CC-A8HU-01,0.119433379,0,0.010791062,0.036397055,0,0.052118763,0,0.120494166,0.025861309,0,0,0.075486667,0.030149424,0.068806546,0.037017053,0.324901211,0,0,0.098543366,0,0,0,0.75,-0.011530377,1.089724968
TCGA-ES-A2HS-01,0.052573535,0,0.006062147,0.058840917,0,0.111568147,0,0.004981584,0.011576248,0,0,0.08081425,0.050009184,0,0.018717084,0.526598774,0,0,0.076495256,0,0,0.001762874,0.92,-0.034704834,1.127020417
TCGA-2Y-A9H0-01,0.002145232,0,0.015590642,0.360474393,0,0,0.000904311,0.120382383,0.040713587,0,0,0.043691352,0.045907868,0.13188887,0.056821775,0.052422413,0.000186129,0,0.127835182,0,0,0.001035863,0.36,0.033868717,1.093598522
TCGA-2V-A95S-01,0.048064977,0,0.041218218,0.271659825,0,0.076509938,0.003874473,0.069760149,0.070183073,0,0.043250942,0,0.002004883,0.147064792,0.075921594,0.13186291,0,0,0.014032929,0,0,0.004591296,0.07,0.167172346,1.030093128
TCGA-2Y-A9GU-01,0.068594495,0,0,0.152629653,0,0.07204021,0,0.107674682,0.058219526,0,0,0.054506204,0.033701933,0.102947733,0.065198354,0.23827593,0,0,0.04621128,0,0,0,0.84,-0.022234494,1.100622587
TCGA-RC-A7SB-01,0.003325318,0.003499779,0,0,0,0.287723125,0,0.034576086,0.068897006,0,0.072455133,0,0.056130227,0.06678665,0.101561788,0.11534576,0.015137579,0,0.17456155,0,0,0,0.47,0.024341791,1.077792475
TCGA-FV-A4ZP-01,0,0,0,0.208986603,0,0.02235595,0,0.040322026,0.165251077,0,0,0.044600845,0.013987869,0.202270841,0.019820595,0.24823277,0,0,0.03349859,0,0,0.000672834,0.25,0.062293703,1.082639673
TCGA-DD-AAD3-01,0.00718511,0,0.003975304,0,0,0.402015785,0,0.018315174,0.046504095,0,0.084007748,0.002841625,0.061581624,0.169306136,0.113163817,0.030917846,0.006494142,0,0.053691595,0,0,0,0.23,0.071903389,1.074374535
TCGA-DD-A39X-11,0.009060998,0.00033465,0.020218092,0.031018179,0,0.083135376,0,0.042686492,0,0.114030339,0,0.071620748,0.045552461,0.016281783,0.058568803,0.272414541,0.00561993,0,0.229457609,0,0,0,0.72,-0.008089523,1.099283745
TCGA-DD-AAW2-01,0.012176542,0,0,0.050622198,0,0.323107559,0,0.038822847,0.00475698,0,0,0.100859187,0.086889178,0.08837742,0.031559537,0.016242275,0.00227644,0,0.244309837,0,0,0,0.71,-0.004837701,1.106814787
TCGA-DD-A39V-01,0.007996428,0,0,0.210846364,0,0,0.00377382,0.04485515,0.017674281,0.028163003,0,0.071002587,0.170408466,0.013622051,0.067758764,0.240411114,0.003439449,0,0.12004852,0,0,0,0.49,0.020577614,1.086147119
TCGA-DD-AADD-01,0.004075787,0,0,0.061936161,0,0.177895841,0,0.054143715,0.02340456,0,0.069931009,0.016004462,0.057820586,0.09337511,0.103659195,0.159930958,0.024392514,0,0.153430104,0,0,0,0.56,0.006758643,1.084650575
TCGA-DD-AADW-01,0.092560538,0,0,0.027918454,0,0.167338074,0,0.035598898,0.029912319,0,0,0.041290882,0,0.172922925,0.113322835,0.243103289,0,0,0.076031786,0,0,0,0.35,0.037235923,1.083294904
TCGA-DD-AACS-01,0.016305273,0,0,0,0.013146976,0.042020392,0,0.040745075,0.170620818,0.061382664,0,0.005259947,0.099191308,0.014647711,0.108198682,0.264587612,0,0,0.101438141,0,0,0.062455399,0.9,-0.030853226,1.103351526
TCGA-2Y-A9H4-01,0.019481332,0,0,0.062911388,0,0.170602454,0,0.042524326,0.05597006,0,0,0.07312915,0.00051948,0.083024666,0.026200961,0.251032306,0,0.020938113,0.1875355,0,0,0.006130265,0.5,0.016945336,1.082445293
TCGA-DD-AADV-01,0.083943247,0,0,0.03276746,0,0.119335207,0,0.006886714,0.062489368,0,0.011258079,0.023903066,0,0.101430808,0.05984057,0.464705698,0,0,0.033439783,0,0,0,0.5,0.018939531,1.103924055
TCGA-G3-A7M7-01,0.0655063,0,0,0.040119736,0,0.172041879,0,0.000315403,0.058520385,0,0.03601122,0.01924264,0,0.255198594,0.034683969,0.291622485,0,0,0.026737389,0,0,0,0.68,-0.003137081,1.115648892
TCGA-DD-A4NK-01,0.000473652,0,0,0,0,0.333974048,0,0.028119306,0.062182195,0,0.037966682,0.048451541,0.08617438,0.010816757,0.049300876,0.166961805,0.005917926,0,0.169660833,0,0,0,0.98,-0.046159158,1.10723791
TCGA-ED-A97K-01,0.032821047,0,0.024990818,0,0,0.223331857,0,0.023945526,0.090840438,0,0,0.058122228,0.009432851,0.285082922,0.012410435,0.203257263,0,0,0.031586301,0,0,0.004178314,0.08,0.157481593,1.039946678
TCGA-T1-A6J8-01,0.059063644,0,0.037079097,0.044540509,0,0.064360625,0,0.01491966,0.092659608,0,0.024050324,0,0.025566764,0.064705602,0.052951077,0.457948264,0.008903846,0,0.053250981,0,0,0,0.35,0.037277219,1.084906264
TCGA-DD-AACV-01,0.024619551,0,0,0.024408998,0,0.1743075,0,0.090492771,0.027436034,0.001639548,0,0.06333729,0,0,0.067507106,0.333276686,0,0.058230911,0.134743606,0,0,0,0.98,-0.048399386,1.108447108
TCGA-DD-A4NF-01,0.016576128,0,0.022045985,0,0,0.218630544,0,0.088441039,0.012402361,0,0.142234074,0.073040952,0.109034035,0.067548923,0,0.041591041,0.01119607,0,0.197258847,0,0,0,0.72,-0.007293515,1.106311396
TCGA-DD-A3A8-01,0,0.000568425,0.00287792,0,0,0.158919813,0,0.009835335,0.003033289,0,0.072177865,0.061310311,0.042719566,0.162844399,0.167940983,0.044306072,0.019450866,0,0.254015158,0,0,0,0.3,0.051405167,1.09585868
TCGA-G3-A25S-01,0.056523284,0,0,0.121913365,0,0.133382228,0,0.002510716,0.062936107,0,0.07242071,0,0.00187183,0.110759777,0.00675348,0.420035475,0,0,0.006300876,0,0,0.004592154,0.67,-0.002713204,1.112462512
TCGA-DD-A1EL-01,0.046751302,0,0.001804071,0,0,0.157396665,0,0.021927802,0.044178331,0,0.095812628,0,0.046394046,0.352727561,0.00827369,0.180499221,0.005478861,0,0.033658469,0,0.005097354,0,0.08,0.1464581,1.054165661
TCGA-DD-AACH-01,0.12073769,0,0.054759253,0,0,0.051691321,0,0.018993596,0.032508316,0,0.039978062,0.047321475,0,0.101026371,0.03629729,0.460307196,0,0,0.035902802,0,0,0.000476629,0.55,0.008356004,1.103735285
TCGA-DD-A119-11,0,0.006338299,0.035871503,0,0,0.381913532,0,0.006849508,0,0,0.036461991,0.048960351,0.062982379,0,0.013893679,0.273735048,0,0,0.104776113,0,0,0.028217595,0.71,-0.005811389,1.089813196
TCGA-WQ-A9G7-01,0.046101645,0,0,0.081622733,0,0.116169001,0,0.025671121,0.0615999,0,0,0.095987783,0.012586418,0.216514276,0.04111981,0.266064984,0,0,0.033713606,0,0,0.002848723,0.22,0.079163792,1.074857554
TCGA-DD-A4NO-01,0.000552678,0.006731163,0,0,0,0.354544225,0,0.013188833,0.121085098,0,0.011220706,0.0288806,0.068468587,0.096881945,0.047137335,0.080417902,0.00983762,0,0.159094119,0,0,0.001959189,0.56,0.006320051,1.087663014
TCGA-G3-A7M9-01,0.197584692,0,0.058883947,0.016717688,0,0.106943347,0,0.052262228,0.078961793,0,0.046233453,0.034425387,0,0.368100889,0.006953562,0,0,0,0.029000145,0,0,0.00393287,0.21,0.08093734,1.073710863
TCGA-CC-5261-01,0.024266693,0.198690887,0,0.055331918,0,0.213155129,0,0.06153885,0.075913214,0,0,0.027375965,0.010739517,0.050006256,0.039641119,0.16033969,0.043802994,0,0.03848461,0,0,0.000713158,0.11,0.121997034,1.03608763
TCGA-ZS-A9CG-01,0.007427856,0,0.01961223,0.146454099,0,0.125619056,0,0.047123966,0.006218227,0,0.017709619,0.041920473,0.084274645,0.159871884,0.042426916,0.018796486,0,0,0.282544542,0,0,0,0.35,0.039150543,1.081586625
TCGA-CC-A123-01,0.001979856,0.006783425,0.034864018,0,0,0.079406529,0,0.057657625,0.183961837,0,0.074806289,0.016928419,0.088621895,0.113603174,0,0.308043018,0.007464255,0.00021645,0,0.023364841,0,0.002298369,0.54,0.011567925,1.090625531
TCGA-5R-AA1D-01,0.05209589,0,0.013138348,0.023013147,0,0.265221403,0,0,0.027636769,0,0.025904922,0.015263526,0.027785969,0.080023153,0.044215556,0.338662548,0,0,0.087038767,0,0,0,0.24,0.064102548,1.06325793
TCGA-BC-A69H-01,0,0.002440023,0,0.052811016,0,0.152279919,0,0.020133066,0.045101373,0,0,0.019040923,0.006422776,0.360771137,0.043174865,0.283692586,0,0,0.014132315,0,0,0,0.08,0.150306382,1.070232921
TCGA-DD-AAVZ-01,0.104022657,0,0,0.032935509,0,0.319920873,0,0.01007023,0.005934451,0,0,0.069283884,0.025616946,0.036959631,0.031735139,0.269504142,0.012243575,0,0.078697889,0,0,0.003075072,0.9,-0.029761001,1.100398795
TCGA-DD-AAD0-01,0.066980156,0,0,0.051822161,0,0.206937281,0,0.045441028,0.030368223,0,0,0.041849214,0.0007431,0.268318069,0.097089033,0.151610346,0,0,0.038841389,0,0,0,0.24,0.067259685,1.079418128
TCGA-EP-A2KA-01,0.045246023,0,0.075565767,0.21544801,0,0.090151021,0,0.054634828,0.116330274,0,0,0.042092155,0.008824892,0.076273268,0.060446063,0.18162067,0,0,0.020857571,0,0,0.012509459,0.4,0.030783662,1.078875979
TCGA-2Y-A9HA-01,0.016682584,0,0,0,0,0.215739918,0,0,0.065903443,0,0,0.081534791,0.062595224,0.208724443,0.091842975,0.173177215,0,0,0.083799408,0,0,0,0.24,0.066423795,1.071847537
TCGA-DD-AACD-01,0.006991742,0.005134535,0.002063701,0,0,0.137923951,0,0.031522023,0.070717503,0.001869962,0.022965372,0.030742181,0.026243289,0,0.027506244,0.462901906,0,0.000596948,0.172820644,0,0,0,0.55,0.009846278,1.095455584
TCGA-DD-AAE7-01,0.039694032,0,0,0.122393316,0,0.246430426,0,0.022758412,0.001472988,0.037367181,0,0.030705946,0.001648587,0,0.117132411,0.249762129,0.015806855,0,0.114827717,0,0,0,0.81,-0.020411991,1.107058918
TCGA-EP-A3RK-11,0.016566265,0.004132542,0.051265066,0,0,0.353239822,0,0.069923475,0.033840216,0,0.059659367,0.057780101,0.111777597,0,0,0.135515848,0,0.013127391,0.06111177,0,0,0.032060541,0.56,0.007026266,1.089334058
TCGA-BC-A8YO-01,0.039985459,0,0.004777968,0.14881945,0,0.133928931,0,0.095163129,0.030677385,0,0.007194765,0.061168418,0.009348187,0.043699458,0.168339349,0.169720037,0.027486702,0,0.059690762,0,0,0,0.06,0.191979533,1.023969473
TCGA-DD-AAE2-01,0.006571299,0,0,0.235139375,0,0.12077687,0,0.052916682,0.002355098,0,0,0.031565016,0.046050202,0.07221356,0.175346564,0.132709902,0.013586832,0,0.110768599,0,0,0,0.22,0.078379407,1.078819295
TCGA-DD-AAEG-01,0.078286085,0,0.028449914,0,0.012372447,0.273467953,0,0,0,0,0.085275639,0,0,0.255790947,0.099612516,0.090299079,0,0,0.076445419,0,0,0,0.18,0.08934207,1.060725805
TCGA-XR-A8TF-01,0,0,0.020865364,0,0.009061213,0.190593344,0,0.241418115,0.004977079,0,0.147426431,0,0.065743026,0.055876248,0.007949808,0.103553775,0.00393956,0,0.148596037,0,0,0,0.84,-0.022120538,1.104399519
TCGA-CC-A5UC-01,0.101144493,0,0.034414553,0.064223807,0,0.07860664,0,0.023142126,0.07822254,0,0.002884159,0.015352962,0,0.291280322,0.06815759,0.21271308,0,0,0.029857728,0,0,0,0.22,0.079100657,1.074150413
TCGA-KR-A7K0-01,0.000802256,0.005431004,0.009996742,0,0.020229007,0.282475265,0,0.008832902,0.040997028,0,0.053482844,0.067313601,0.031357719,0.189598063,0.018047097,0.104544309,0.002687278,0,0.15907213,0,0.002630434,0.002502319,0.24,0.067843813,1.067399427
TCGA-CC-5263-01,0.000560916,0.008818278,0,0,0,0.426458052,0,0.016935887,0.052321047,0,0.047883328,0.00352566,0.074285622,0.102144821,0.003652816,0.108481158,0.120104923,0,0,0,0,0.034827493,0.72,-0.006510646,1.10168981
TCGA-K7-A5RG-01,0.030799633,0,0.081997043,0.315500487,0,0.057860521,0.03155091,0.058567801,0.078090351,0,0.001028864,0.031494204,0.023225946,0.0754003,0.06133997,0.091565976,0.003552804,0,0.058025187,0,0,0,0.05,0.209623112,1.006580074
TCGA-G3-AAV4-01,0.155964084,0,0.05053841,0,0,0.128486654,0,0.045633893,0,0.067266624,0,0.055824243,0.045629298,0,0.050932719,0.314904931,0,0.048324962,0.036494182,0,0,0,0.88,-0.027435772,1.092493685
TCGA-ED-A627-01,0.06171489,0,0.00342916,0.176267922,0,0.287380375,0,0.052004197,0,0,0,0.019684089,0.038143967,0.010234981,0.108672877,0.226864138,0,0,0,0.012936142,0,0.002667264,0.21,0.080318239,1.074064951
TCGA-2Y-A9GZ-01,0.0642349,0,0.081312638,0.030914489,0,0.041135715,0,0.072037768,0.034018749,0,0.057212145,0.014798169,0,0.083507236,0.045203574,0.446046188,0,0,0.029578429,0,0,0,0.77,-0.015179185,1.103843628
TCGA-DD-AACX-01,0.157614793,0,0.004099648,0.113067031,0,0.03709714,0,0.037269795,0.017118808,0,0,0.039952636,0.063563409,0,0.106549684,0.382679724,0,0,0.040987331,0,0,0,0.5,0.017168376,1.090854259
TCGA-DD-AAVR-01,0.035695019,0.00655369,0,0.068857442,0,0.264798533,0,0.037890106,0.113919176,0,0.030079786,0.001841403,0.02284424,0.053912911,0.03343762,0.27316671,0,0,0.048467632,0,0,0.008535732,0.2,0.084214625,1.058329075
TCGA-G3-A25T-01,0.022091844,0,0.000930108,0,0,0.21778322,0,0.004097932,0.052956704,0,0.009545819,0.082217906,0,0.360927627,0,0.197743012,0,0,0.044680663,0,0,0.007025165,0.07,0.177080823,1.046919419
TCGA-MR-A8JO-01,0.072913571,0,0,0.123825585,0,0.190757882,0,0.04683316,0.090930663,0,0.018194875,0.036323436,0.004856565,0.075414798,0.054100915,0.255596389,0,0,0.030252161,0,0,0,0.12,0.110064779,1.050032128
TCGA-DD-AAEK-01,0.030322211,0.006917226,0,0.12215971,0,0.049989847,0,0.063076437,0.049193557,0,0.044856004,0,0,0.212077348,0.173390617,0.154765041,0.009158668,0,0.084093334,0,0,0,0.08,0.132567414,1.054645707
TCGA-DD-A1EE-01,0.005035425,0,0.007102311,0,0.045177523,0.070259912,0,0.009863056,0.039452315,0,0.053963769,0.003809059,0.032828672,0.236398474,0.04844486,0.122972787,0.003356481,0,0.320924997,0,0,0.000410358,0.28,0.053847114,1.088722454
TCGA-DD-AACL-01,0.014945179,0,0.079132895,0.086364363,0,0.05247968,0,0.041334264,0.028419018,0,0,0.020345787,0.041006712,0.367901861,0.066806635,0.157458007,0,0,0.029852421,0,0,0.013953178,0.07,0.185137273,1.034786393
TCGA-KR-A7K8-01,0.009176548,0,0,0.325947247,0,0,0,0.05206919,0.085657022,0,0,0.054936176,0.061562839,0.022941538,0.074656263,0.201981499,0.00756298,0,0.103508699,0,0,0,0.49,0.02153851,1.092365549
TCGA-FV-A3I0-01,0,0,0.059909011,0,0,0.283189113,0,0.036710727,0.078958898,0,0.075411839,0,0.024725341,0.382541881,0,0.058394411,0,0,0.000158779,0,0,0,0.22,0.076489329,1.089377668
TCGA-DD-A11B-11,0.030268216,0.010880483,0.016645702,0,0,0.327983437,0,0.010227595,0,0,0.100380633,0,0.063963843,0.124282123,0.04765962,0.138116035,0.000206884,0,0.129385429,0,0,0,0.48,0.023789294,1.073794529
TCGA-DD-AADA-01,0.107050952,0,0,0.106403442,0,0.276462312,0,0.064433441,0.059655856,0.040335935,0.00509961,0,0.01770411,0.071856068,0.06657079,0.059246354,0,0,0.122376712,0,0.002804419,0,0.7,-0.003916257,1.09971937
TCGA-G3-A5SM-01,0.037233176,0,0.041405799,0.06768641,0,0.00443949,0,0.048240462,0.00830431,0.010130627,0,0,0.037897004,0.291576123,0.14064818,0.109691073,0.029146962,0,0.173180088,0,0,0.000420297,0.08,0.146686659,1.048197094
TCGA-G3-A3CH-01,0.043780396,0,0.011712429,0.126918981,0,0.189088367,0,0.086623559,0.009556835,0,0.022712122,0,0.016657653,0.07686587,0.037304978,0.153180686,0,0,0.223582823,0,0,0.002015302,0.69,-0.003400019,1.089204544
TCGA-G3-AAUZ-01,0.0423082,0,0.033806479,0.113842435,0,0.131575067,0,0.055584804,0.076406745,0,0,0.028393322,0.028713516,0,0.113989718,0.335078915,0.001485611,0,0.038815186,0,0,0,0.51,0.014016509,1.088198036
TCGA-DD-AAVV-01,0.055494145,0,0.023691318,0.071590519,0,0.09962357,0,0.028815149,0.04162094,0,0.023201175,0.012416277,0.024637031,0.216252301,0.176723994,0.10874706,0.024158322,0,0.0930282,0,0,0,0.08,0.137837523,1.047723213
TCGA-DD-A4NP-01,0.009878774,0,0.003962365,0,0.115766023,0.218097239,0,0.009832259,0.069248598,0,0.174692976,0,0.068057381,0.047760646,0.002663794,0.005314963,0.00508203,0,0.262012953,0,0,0.00763,0.75,-0.011588004,1.117341314
TCGA-ED-A66Y-01,0,0.014217621,0,0,0,0.245463544,0,0.080738205,0.036895171,0,0.006822138,0.014621612,0,0.360322753,0.022030687,0.158565366,0,0,0.060322903,0,0,0,0.21,0.081004263,1.087566367
TCGA-LG-A6GG-01,0.172897479,0,0.215477986,0,0,0.141429838,0,0.05222092,0.026538958,0,0.00081925,0.022469016,0.007490852,0,0.02856976,0.275546655,0.014059197,0,0.042480089,0,0,0,0.96,-0.041201859,1.078319422
TCGA-DD-AAE4-01,0.056126676,0,0.015491868,0.223673822,0,0.172810557,0,0.029342792,0.023616491,0,0,0.029418606,0.030122086,0.003246957,0.150802657,0.22622575,0.001756477,0,0.037365263,0,0,0,0.26,0.059820564,1.084506904
TCGA-HP-A5MZ-01,0.063052817,0,0.001597979,0.008449456,0,0.187616266,0,0.025707828,0.001700626,0.001527643,0.00439132,0.005460958,0.006506202,0.156257493,0.156981108,0.221657376,0.012172313,0,0.14352743,0,0,0.003393186,0.11,0.117226438,1.054282985
TCGA-G3-A5SI-01,0.004897706,0,0,0,0,0.201634395,0,0.036137721,0.040106371,0,0.009338443,0.03102895,0.013715588,0,0.018926741,0.549102194,0,0,0.088974523,0,0,0.006137368,0.94,-0.037933604,1.129915114
TCGA-DD-A1EI-01,0.043015727,0,0,0.028849106,0,0.243944638,0,0.00572901,0.042118266,0,0,0.054079188,0.023656781,0.097695594,0.059156185,0.306148391,0,0,0.095389436,0,0,0.000217678,0.75,-0.010787125,1.095641784
TCGA-G3-AAV1-01,0.011427962,0,0.002465031,0,0,0.435188051,0,0.004755056,0.097634896,0,0.037502885,0,0.113085118,0.110513232,0.001865911,0.169130015,0.003897399,0,0.012534444,0,0,0,0.5,0.020059943,1.095568579
TCGA-DD-A113-01,0.044545041,0,0,0.143683567,0,0.053926915,0,0.039217911,0.114521443,0,0,0.06781723,0.009224637,0.122638792,0.070361854,0.252409501,0,0,0.081653109,0,0,0,0.54,0.010637899,1.089747574
TCGA-BC-A10Y-11,0.019796659,0,0.027281102,0.0794254,0,0.131412021,0,0.005527976,0,0,0.009222148,0.079621575,0.170442239,0,0.055383277,0.389541392,0.00103117,0,0.031315043,0,0,0,0.46,0.025962836,1.090760648
TCGA-DD-AACB-01,0.005058752,0,0.04114872,0.25556285,0,0,0,0.047590227,0.041365708,0,0,0.078509704,0.056343522,0.096879819,0.110220383,0.177316371,0,0,0.090003945,0,0,0,0.24,0.063535427,1.071520745
TCGA-CC-A9FS-01,0.045063816,0,0,0.070015249,0,0.165564521,0,0.129999037,0.049574496,0,0,0.066620332,0.034879108,0,0.047947945,0.343402565,0,0,0.046932931,0,0,0,0.92,-0.034711849,1.108283039
TCGA-BC-A5W4-01,0.106860456,0,0.224717422,0.032867839,0,0.029298218,0,0.098978128,0.027014684,0,0,0.05699899,0.050981345,0.017148907,0.116549511,0.181187758,0.001649138,0.010040789,0.045706818,0,0,0,0.74,-0.010218989,1.071836546
TCGA-2Y-A9H5-01,0.041389148,0,0.000324667,0.051040042,0,0.265059765,0,0.062471124,0.093283848,0,0,0.061861966,0.024353429,0.073728826,0.063430027,0.180651506,0.001827152,0,0.080578501,0,0,0,0.76,-0.013124307,1.097767896
TCGA-BW-A5NO-01,0.081956135,0,0.084214765,0.044688695,0,0.236303005,0,0.034500779,0.02234215,0.002754599,0,0.040398722,0,0.116520994,0.059560818,0.225483116,0,0,0.051276223,0,0,0,0.53,0.011892606,1.075529517
TCGA-CC-A7IE-01,0.061176376,0,0.009482831,0.132961523,0,0,0,0.103056187,0.162425499,0,0.027117875,0.000579164,0.073522949,0.33600958,0.0404272,0.046526088,0,0,0,0.006714728,0,0,0.26,0.059026314,1.085047033
TCGA-KR-A7K2-01,0.047723083,0,0,0.069649581,0,0.397795685,0,0,0.084205577,0,0,0.055472294,0.016605192,0,0.056012445,0.244301982,0,0.001900044,0.026334116,0,0,0,0.88,-0.02635205,1.12039043
TCGA-DD-AADM-01,0.009259109,0,0.001291142,0.070564843,0,0.174183308,0,0.027565285,0.088539918,0,0,0.079823184,0.020341882,0.055053931,0.076061912,0.303298198,0.008879836,0,0.085137453,0,0,0,0.76,-0.014410624,1.100486189
TCGA-CC-5258-01,0.053087703,0,0.076649424,0.036461274,0,0.120309098,0,0.008278265,0.077271638,0,0.118096256,0,0.035923324,0.341064112,0.004877708,0.110970428,0,0,0,0.01701077,0,0,0.11,0.118364096,1.057670478
TCGA-BW-A5NQ-01,0.06309482,0,0.03683118,0.262374548,0,0.041747452,0.034025882,0.098129951,0.053246623,0,0.020341665,0,0.013950141,0,0.107094276,0.262233319,0.004474169,0,0.002455973,0,0,0,0.08,0.139506693,1.040113477
TCGA-2Y-A9GX-01,0.021926625,0,0.008946176,0.106485574,0,0.256178699,0,0,0.006521438,0,0.0502907,0,0.048255771,0.136576824,0.081840838,0.185673662,0.01917248,0,0.078131212,0,0,0,0.11,0.126392434,1.0391478
TCGA-LG-A9QC-01,0.024486541,0,0.064426682,0,0,0.248576914,0,0.02828813,0.07822439,0,0.021454391,0.05878691,0.025479851,0.065166652,0.024826483,0.270927562,0,0,0.089355493,0,0,0,0.88,-0.027406389,1.090967954
TCGA-FV-A3I1-11,0.046386596,0,0.017749303,0,0,0.320150737,0,0.04641846,0.023868709,0,0.021299414,0.065746652,0.074354758,0.054039922,0.058289762,0.139162615,0.006320286,0,0.12323354,0,0,0.002979246,0.69,-0.003407285,1.084661673
TCGA-DD-A11C-01,0.07375751,0,0,0.033777992,0,0.197221848,0,0.044737298,0.02366703,0,0,0.050712554,0.029420055,0,0.024873176,0.367939634,0,0.020049012,0.133843892,0,0,0,0.76,-0.01296972,1.090881527
TCGA-BC-A10Q-01,0.051468022,0,0,0.066698898,0,0.172625681,0,0.003641758,0.048957701,0,0.023690715,0.030164179,0.060110071,0.020013544,0.035298099,0.445709404,0.007554539,0,0.034038048,0,0,2.93E-05,0.54,0.011319759,1.09596878
TCGA-4R-AA8I-01,0.059101338,0,0.070093746,0,0,0.147019224,0,0.121738001,0,0,0,0.074272707,0.007347055,0.077891395,0.121586583,0.227132005,0,0.00744255,0.086375396,0,0,0,0.71,-0.005087298,1.087278082
TCGA-FV-A4ZQ-01,0.028612561,0,0.07219929,0.370730742,0,0,0.003250349,0.092865283,0.016263278,0,0,0.045999986,0.06280694,0.053865027,0.099468828,0.088419589,0.003514175,0,0.062003954,0,0,0,0.2,0.087008627,1.066664897
TCGA-BC-4073-01,0.071412921,0,0.0144239,0.091185422,0,0.099627972,0.024966873,0.064678371,0.068111855,0,0,0.000766197,0.004204743,0.183226927,0.074841427,0.211280573,0.007430825,0,0.017955286,0,0,0.065886708,0.07,0.186475745,1.015706087
TCGA-DD-AADQ-01,0.017383445,0,0.000694092,0.226264887,0,0.02159565,0.007507487,0.127369101,0.095425343,0,0.037181426,0.053758495,0.041133495,0.14244758,0.024710384,0.069450466,0,0,0.13507815,0,0,0,0.79,-0.017408852,1.108520665
TCGA-DD-A1EA-01,0.060361516,0,0.02826222,0.069126465,0,0.106163368,0.000573635,0.065232153,0.002630815,0,0,0.011763394,0.019242668,0.154696319,0.163923282,0.09678502,0.010971767,0,0.210267375,0,0,0,0.2,0.086201873,1.064100519
TCGA-WQ-AB4B-01,0.006767289,0,0,0,0,0.211691998,0,0.020509285,0.112359061,0.039730341,0.058609253,0,0.013988569,0.21985093,0.03521158,0.157177521,0.003381679,0,0.120722495,0,0,0,0.49,0.020597734,1.086168143
TCGA-RC-A7SH-01,0,0.005827727,0,0.041039586,0,0.231257745,0,0.059689738,0.15030162,0,0.191715094,0,0.080855051,0.137177294,0.011750094,0,0,0,0.090386052,0,0,0,0.64,-0.000440239,1.113599087
TCGA-BC-A10T-01,0.076310736,0,0,0.088114467,0,0.178442278,0,0.005213919,0.01470042,0,0,0.056106392,0.009195131,0.018659746,0.0645161,0.318427386,0.004561712,0,0.165751713,0,0,0,0.72,-0.007289087,1.090774232
TCGA-DD-A11A-11,0.054756817,0,0,0.082120179,0,0.085194559,0,0.016365807,0.009153474,0,0.034469064,0.0197639,0.108093446,0.064498972,0.029528406,0.461175705,0,0,0.030211184,0,0.001703019,0.002965467,0.31,0.048415892,1.089135811
TCGA-DD-A39W-01,0.082953964,0,0.01437965,0.063025949,0,0.075986803,0,0,0.063363563,0,0.095806405,0,0.086209309,0.028648588,0.129939394,0.283801516,0,0.006304309,0.069580552,0,0,0,0.44,0.028030162,1.081113224
TCGA-RC-A6M5-01,0.079968176,0,0.096449815,0.020532041,0,0.253948464,0,0,0.121229861,0,0.006999032,0.042220358,0.019646675,0,0.043742315,0.237569004,0,0,0.07769426,0,0,0,0.73,-0.009281931,1.078824996
TCGA-UB-A7MD-01,0,0.004042891,0.004376363,0,0,0.345178183,0,0.066152656,0.053593815,0,0.089140925,0.021686927,0.069924868,0.119036847,0.019528629,0.181924637,0.002746275,0,0.014212276,0,0.008454708,0,0.31,0.048640273,1.079924498
TCGA-2Y-A9H6-01,0.033760925,0,0,0.064888943,0,0.247379079,0,0.013460193,0.120014051,0,0.034901784,0.038022933,0.049564659,0.015125842,0.020134463,0.297927221,0.013428624,0.004361949,0.047029333,0,0,0,0.6,0.00262786,1.092283003
TCGA-5C-A9VG-01,0.122744183,0,0,0.027833219,0,0.118097671,0,0.039479259,0,0,0,0.034274387,0.00190425,0.098933709,0.023962828,0.283941522,0,0,0.248828972,0,0,0,0.62,0.001111053,1.092532432
TCGA-CC-5264-01,0.047295953,0,0.030267198,0.117682106,0,0.072689022,0,0.12234585,0.09248813,0,0,0.048430748,0.013315626,0.079053995,0.040646738,0.231220104,0,0,0.10456453,0,0,0,0.96,-0.042062525,1.09881489
TCGA-DD-A4NS-01,0.026233329,0,0.01034454,0.12224755,0,0.135828947,0,0.035673486,0.045595428,0,0,0.055739062,0.092923874,0.058016966,0.082660635,0.143226491,0.009042086,0,0.182467606,0,0,0,0.35,0.038089309,1.069174042
TCGA-QA-A7B7-01,0.059681753,0,0,0.037514275,0,0.106059619,0,0.222856668,0.087026445,0,0.127831151,0.016963928,0,0.034072958,0.025557424,0.141849912,0.006298803,0.010543985,0.079096353,0,0,0.044646729,0.57,0.005812925,1.093974019
TCGA-DD-AAEB-01,0.015028679,0,0.0043602,0.09102948,0,0.040099912,0,0.037416726,0.04957805,0.000590256,0.204359973,0,0.067672384,0.187628707,0.00105936,0.14663836,0,0,0.154537912,0,0,0,0.34,0.041111905,1.086253061
TCGA-DD-A3A6-01,0.045116885,0,0,0.073146817,0,0.14660165,0,0.080848697,0.108707423,0,0.051724131,0.112310762,0.027026925,0,0.014097779,0.260036783,0,0,0.080382147,0,0,0,0.21,0.08183305,1.069656541
TCGA-UB-A7MF-01,0.056499923,0,0.015967368,0.263428516,0,0.058557029,0,0.032358771,0.042216043,0,0.049289204,0,0.043585862,0,0.222820278,0.139065783,0,0,0.076211224,0,0,0,0.03,0.259163561,1.003778725
TCGA-DD-AACW-01,0.00142282,0.005450127,0,0.08068286,0,0.279681174,0,0.006166665,0.066606281,0,0,0.065363266,0.038902618,0,0.034969225,0.342067725,0.003182242,0,0.075504998,0,0,0,0.92,-0.036176933,1.112250461
TCGA-G3-A7M6-01,0.019146837,0.044631428,0,0,0,0.371707365,0,0.055681033,0.047694012,0,0.08849315,0,0.053814922,0.107842792,0.042124919,0.056262845,0.005463416,0,0.097692953,0,0,0.009444328,0.38,0.031922466,1.078823823
TCGA-GJ-A6C0-01,0.038077303,0,0,0.028952139,0,0.061773415,0.001061262,0.018136188,0.050206879,0,0.031232571,0,0,0.541219641,0.062530316,0.106824429,0,0,0.007440497,0,0,0.05254536,0.05,0.208089183,1.068079733
TCGA-DD-A3A3-01,0.00480692,0.00776061,0.024086981,0,0.019098518,0.145457473,0,0.001061928,0.084511285,0,0.130283244,0,0.043308989,0.251897271,0.013767943,0.044110833,0.005040985,0,0.224807018,0,0,0,0.12,0.109719228,1.05060607
TCGA-DD-A116-11,0.044094185,0,0.004185148,0.1001446,0,0.221543795,0,0.025184456,0.050129459,0,0.039269442,0,0.032625763,0,0.13058442,0.314866485,0.000905801,0,0.036466446,0,0,0,0.51,0.014409047,1.094985016
TCGA-WX-AA44-01,0.093750799,0,0,0.038485814,0,0.290380129,0,0.008396981,0.040660047,0,0.010229593,0.015027269,0.011680832,0.078618707,0.158344893,0.208383612,0,0,0.046041325,0,0,0,0.55,0.0101405,1.100398185
TCGA-MR-A520-01,0.109225051,0,0,0.112804831,0,0.149448102,0,0,0.071628068,0,0.061822311,0.010578538,0.007811571,0.05647303,0.045321878,0.316175877,0,0,0.058710744,0,0,0,0.85,-0.023099276,1.098654594
TCGA-EP-A12J-11,0.051296862,0,0.036039545,0.059563973,0,0.285356927,0,0.051175138,0.025662073,0,0,0.032692706,0.038277034,0,0.138241716,0.217157532,0,0,0.064536494,0,0,0,0.51,0.014891718,1.089497595
TCGA-DD-AADK-01,0.096797585,0,0,0.011231172,0,0.17567841,0,0.057960114,0.143969274,0,0.039588607,0.028609489,0.036939271,0.107877357,0.083532173,0.088327991,0.015730217,0,0.11375834,0,0,0,0.32,0.044342373,1.065600481
TCGA-DD-A73D-01,0.022740652,0,0.006719152,0.043530503,0,0.344140566,0,0.051492073,0.00409067,0,0,0.073045153,0.070188509,0.099678579,0.038872504,0.035221383,0,0,0.210280257,0,0,0,0.6,0.003098951,1.095844315
TCGA-BW-A5NP-01,0.023696459,0,0.023225267,0,0,0.18604055,0,0.087121551,0.053004377,0,0,0.076625817,0.07097797,0.059183905,0.125229171,0.174778165,0.012049096,0,0.108067671,0,0,0,0.87,-0.025240007,1.097553266
TCGA-DD-A4NN-01,0.004832905,0,0.012392778,0,0,0.362047223,0,0.02381357,0.003862043,0,0.040922661,0.016712559,0.042784102,0.195696722,0.004556864,0.154766765,0.021133273,0,0.115965714,0,0.00051282,0,0.5,0.019452144,1.086606914
TCGA-ZP-A9CZ-01,0.062113674,0,0.050846852,0.107994779,0,0.200387005,0,0.078430964,0.049278168,0,0.03947637,0,0.029378337,0.033118711,0.078431656,0.249352025,0.006664912,0,0.014526547,0,0,0,0.23,0.074139785,1.057972488
TCGA-CC-A8HS-01,0.080201346,0,0.017211402,0,0,0.190849473,0,0.066242258,0.081483438,0,0,0.063046056,0,0.29091959,0.022879426,0.171905351,0,0,0.01526166,0,0,0,0.51,0.013283823,1.103713965
TCGA-G3-A6UC-01,0.090190802,0,0,0.008202223,0.013290832,0,0,0.025422579,0.026995754,0,0.1009187,0.062021703,0.071160473,7.71E-05,0.03306641,0.394764669,0,0,0.173888737,0,0,0,0.93,-0.03669052,1.114909546
TCGA-CC-A7IH-01,0.141845021,0,0,0.101756127,0,0,0,0.071135992,0,0,0.021453414,0.079339662,0.025398336,0,0.049073528,0.241240245,0,0,0.268757675,0,0,0,0.92,-0.035088479,1.108786591
TCGA-BC-A69I-01,0.007364634,0,0.005517881,0,0.013725691,0.244926801,0,0.047086317,0.060035883,0,0.111645204,0.051932964,0.207663015,0.065336564,0.028154802,0.049324821,0,0,0.099941467,0,0.007343955,0,0.59,0.0044609,1.092584245
TCGA-K7-A6G5-01,0.04119445,0,0.014002641,0.126189245,0,0.065026908,0,0.049038022,0.092520874,0,0,0.053955124,0.026805772,0.048413164,0.143055337,0.297630536,0,0,0.042147004,0,0,2.09E-05,0.47,0.024999633,1.092595246
TCGA-BC-A10U-01,0.114908637,0,0,0.053168723,0,0.088491032,0,0.033520683,0.030684,0.041000165,0,0,0,0.093880326,0.016047792,0.489026574,0,0,0.036420162,0,0,0.002851907,0.35,0.038109696,1.096392546
TCGA-DD-A4NG-01,0,0,0,0,0,0.324237209,0,0.062153972,0.060463213,0,0,0.071900065,0.016201568,0.171367328,0.079884741,0.167572587,0.002684714,0,0.043534604,0,0,0,0.24,0.064590217,1.075980861
TCGA-BD-A2L6-11,0.031494227,0,0,0.084846942,0,0.252841173,0,0.018850715,0.005912582,0,0.021127075,0.005708344,0.0472956,0.100927326,0.118670108,0.280538384,0.01029602,0,0.021491505,0,0,0,0.04,0.232212293,0.999859026
TCGA-UB-A7MC-01,0.033800983,0,0.007078687,0,0,0.283273781,0,0.0335805,0.000208021,0,0.030143968,0.045927666,0.094465074,0.093467895,0.067674712,0.093400991,0.003174519,0,0.213803202,0,0,0,0.55,0.008101647,1.081723373
TCGA-UB-AA0U-01,0.008452072,0,0.005544429,0,0,0.212822693,0,0.021997327,0.078409972,0,0.039937648,0.011646223,0.134934353,0,0.068833959,0.270567519,0.029147746,0,0.117095967,0,0,0.000610093,0.51,0.014425042,1.075491031
TCGA-DD-A4NB-01,0.023140628,0,0,0.099052056,0,0.30108245,0,0.019977697,0.02630315,0,0,0.066172197,0.009733582,0.031000191,0.057300355,0.351521553,0.001727639,0,0,0.012988501,0,0,0.51,0.015568769,1.10203981
TCGA-ED-A8O6-01,0.001144216,0.004385124,0,0,0,0.203636463,0,0.048733931,0.179740275,0,0.107419017,0,0.02799893,0.204618444,0.015716718,0.099127656,0.003393227,0,0.104085998,0,0,0,0.24,0.063542006,1.069490214
TCGA-DD-AACQ-01,0.135666096,0,0.327205679,0.056452257,0,0,0,0.074790081,0.023556526,0,0.013139945,0.042625468,0,0.012211454,0.169245076,0.117103422,0,0,0.020819615,0,0,0.007184381,0.56,0.006502215,1.081161155
TCGA-G3-AAV6-01,0.004143483,0.010913623,0.003718856,0.057726193,0,0.169121337,0,0.028982526,0.122754746,0,0.097178915,0.001453368,0.037482779,0.395697975,0.003287296,0.009342381,0,0,0.058196521,0,0,0,0.35,0.039294055,1.106516756
TCGA-DD-A3A4-01,0.12469627,0,0.37949406,0,0.041659463,0,0,8.57E-05,0.007505201,0,0.042719653,0.040629888,0.023697758,0,0.025968853,0.278604809,0,0,0.028508867,0,0,0.006429438,0.61,0.001230685,1.059421426
TCGA-DD-A1EK-01,0,0.003973252,0.007240844,0,0,0.315568793,0,0.010285858,0.042821892,0,0.020998858,0.049192805,0,0.248431602,0.00134811,0.097462188,0,0,0.164824177,0,0,0.037851619,0.13,0.101827844,1.058862489
TCGA-DD-A114-11,0.091043761,0,0.011722255,0.128001858,0,0.198115952,0,0.036431788,0.007320199,0,0.052824838,0,0.027067104,0,0.153610299,0.261017244,0,0,0.021200382,0,0,0.01164432,0.24,0.066006544,1.076818616
TCGA-FV-A3R2-01,0.077670242,0,0,0.054945966,0,0.22751676,0,0.032983651,0.029370791,0,0.056477384,0,0,0.053132542,0.096525724,0.349869947,0,0,0.011171593,0,0,0.010335399,0.84,-0.022919475,1.109029386
TCGA-DD-A39Z-11,0.042600738,0,0,0.118012793,0,0.107488727,0,0.087837849,0.02848929,0,0.061998081,0.069628525,0.045402961,0,0.040582853,0.322334971,0,0,0.075623212,0,0,0,0.92,-0.035190029,1.110170856
TCGA-BC-A10Z-01,0.204243584,0,0.148022928,0,0,0,0,0.099057867,0.020768194,0,0,0.04259956,0.009510512,0,0,0.298974483,0,0.133595588,0.038286646,0,0,0.004940638,0.99,-0.054507868,1.093140521
TCGA-WJ-A86L-01,0.088517275,0,0.05904172,0.020640665,0,0.146201094,0,0.130638911,0.054501587,0,0,0.093243393,0,0.122971621,0.061834308,0.157660416,0,0.004242399,0.055608337,0,0,0.004898275,0.51,0.015620252,1.07812639
TCGA-G3-A25Y-01,0.028616562,0,0,0,0,0.265339285,0,0.024305663,0.134178255,0,0.038148758,0.015831248,0.040217564,0.047609856,0.08399838,0.160867788,0.005615646,0,0.154061135,0,0,0.001209859,0.37,0.03241561,1.07258183
TCGA-ED-A82E-01,0.045453661,0,0,0.029362887,0,0.237129991,0,0.013582617,0.113263661,0,0,0.099500674,0.06561645,0,0.005770065,0.343396512,0,0.006397846,0.036913325,0,0,0.003612311,0.07,0.175898861,1.023295778
TCGA-DD-AACU-01,0.005674022,0.015175728,0,0,0.015043134,0.206577546,0,0,0.052096914,0,0.031794203,0.036020416,0.035246786,0.195531162,0.099113131,0.07286676,0.022747776,0,0.211953073,0,0,0.000159348,0.48,0.023035613,1.084471359
TCGA-DD-A4NJ-01,0.086608462,0,0,0.017242084,0,0.197140761,0,0.000645166,0.021898173,0,0.027313716,0,0.021822312,0.007959756,0.106374025,0.38968697,0.077351235,0,0.041052172,0,0,0.004905167,0.24,0.067309796,1.069159147
TCGA-2Y-A9H1-01,0,0,0.045594467,0.144241545,0,0.196336681,0,0.048903775,0.083801082,0,0.007428094,0.064855923,0.018230622,0.125742938,0.033040403,0.207861429,0,0,0.02396304,0,0,0,0.5,0.018396215,1.092194666
TCGA-BC-A10X-11,0.002734521,0,0.050031523,0,0,0.371838291,0,0.031688307,0.005284862,0.014938521,0,0.052976077,0.038007284,0.028248971,0.029122323,0.214024027,0,0,0.142875278,0,0,0.018230015,0.72,-0.008422617,1.0872761
TCGA-FV-A496-01,0.010422355,0.001183316,0.057224979,0.120301357,0,0.128209003,0.04645437,0.010493025,0.054528267,0,0.071275486,0.021992095,0.077190643,0.117364943,0.057426541,0.039335499,0.007900521,0,0.157664517,0,0.000717292,0.02031579,0.35,0.038391758,1.064511557
TCGA-DD-A4ND-01,0.018512896,0,0.038383155,0.220441959,0,0.095323349,0,0.081472819,0.006231025,0,0.027733876,0.001443973,0.04910148,0.08856141,0.069926635,0.192654435,0,0,0.104027726,0,0,0.00618526,0.49,0.021038743,1.07673544
TCGA-DD-A11D-11,0.027707303,0.025203813,0,0.165218641,0,0.127586871,0,0.051511914,0.00445135,0,0,0.061918011,0.102085896,0.084046142,0.119057725,0.146759047,0,0.018808008,0.065645276,0,0,0,0.32,0.046440076,1.076661833
TCGA-DD-A1EF-01,0.133058834,0,0,0.083012429,0,0.206600511,0,0.042837497,0.085791898,0,0.039071032,0,0,0.186450572,0.07067593,0.133942903,0,0,0.018558394,0,0,0,0.37,0.032492683,1.083903407
TCGA-DD-A118-11,0.000348469,0.00792515,0.010594161,0,0,0.268322539,0,0,0.003842383,0,0.107928732,0.011749678,0.077638904,0,0.026198187,0.362132889,0,0,0.071945521,0,0,0.051373387,0.5,0.017017251,1.086337753
TCGA-DD-AAEH-01,0.005400663,0,0,0.410291375,0,0.113221075,0,0.062145128,0.072184926,0.00144493,0,0.087667351,0.024653431,0.023314965,0.053571267,0.056988876,0.011231224,0,0.077884789,0,0,0,0.39,0.030974033,1.135000763
TCGA-2Y-A9H2-01,0.030832568,0,0,0.066990315,0,0.117273803,0,0.047122801,0.073512603,0,0.008396053,0.028727795,0.02818573,0.202826604,0.097678287,0.239086286,0.00201008,0.03148547,0.017469286,0,0,0.00840232,0.13,0.09905151,1.06348548
TCGA-2Y-A9GW-01,0.013021384,0.000321484,0,0.011012245,0,0.158252253,0,0,0.038176222,0,0.020281131,0,0.009778511,0.494300795,0.067966863,0.140233858,0.020715438,0,0.025939817,0,0,0,0.01,0.295079614,1.005146555
TCGA-ZS-A9CE-01,0.128146264,0,0.150735017,0,0,0.238753978,0,0.000739191,0.035524491,0,0.047139406,0.035231171,0.009773358,0.030031692,0.133852116,0.057766056,0,0,0.132307258,0,0,0,0.81,-0.020708426,1.089274452
TCGA-DD-A4NQ-01,0.072359228,0,0.122368016,0.019360882,0,0.102436661,0,0.008069386,0.042476751,0,0.026562232,0.00534318,0.048507158,0.12341432,0.07121659,0.319144034,0,0,0.002834658,0,0,0.035906904,0.35,0.039496939,1.072596775
TCGA-5C-AAPD-01,0.008557553,0,0.138711255,0.160155845,0,0.011076225,0,0.098384555,0.051497147,0,0.006417045,0.008072009,0.012382174,0.156945211,0.127698687,0.19456835,0,0,0.025533942,0,0,0,0.01,0.2967805,0.964137808
TCGA-DD-AAVW-01,0.049535479,0,0,0.033708047,0,0.399908122,0,0.012767126,0.068930558,0,0,0.052358827,0.034639256,0.041471828,0.021978116,0.231615229,0.017491756,0,0.035595657,0,0,0,0.56,0.007291374,1.097161287
TCGA-EP-A2KC-01,0.002248618,0.012159343,0,0,0.01602984,0.198397119,0,0.052981353,0.082366824,0,0.059711619,0,0.054645923,0.25476741,0.083525378,0.119514662,0.010323105,0,0.053328804,0,0,0,0.11,0.11722881,1.04935753
TCGA-MI-A75E-01,0.012274765,0.00279539,0.019354495,0.056840147,0,0.264235194,0,0.023004692,0.075926025,0.018324555,0,0.04042609,0.050774512,0.12620056,0.050084105,0.162202812,0.010798686,0,0.086757972,0,0,0,0.27,0.056747144,1.064456895
TCGA-DD-A116-01,0.044977438,0,0.036208382,0.085368638,0,0.08168447,0,0,0.04142931,0,0.026974978,0.038750877,0.036831993,0.035193916,0.04101861,0.352034658,0,0,0.17952673,0,0,0,0.51,0.013603289,1.080631619
TCGA-GJ-A9DB-01,0.070556087,0,0.01259608,0.026186592,0,0.122021244,0,0.034642101,0.057964638,0,0.02103583,0.00100025,0.005466699,0.104271049,0.080578144,0.39429297,0.008603505,0,0.059003524,0,0,0.001781287,0.36,0.036542554,1.084456183
TCGA-CC-A7IL-01,0.008658435,0,0.068383516,0.019833792,0,0.025807081,0,0.129089364,0.009051738,0,0,0.096679422,0.029040618,0.170000429,0.154944218,0.192088744,0.003340468,0,0.093082175,0,0,0,0.21,0.081052652,1.069801264
TCGA-DD-AACC-01,0.051111959,0.004876237,0.006727838,0.377949815,0,0.094615078,0,0.067477624,0.034883281,0,0,0.024083609,0.037946121,0.00584745,0.06142002,0.233060968,0,0,0,0,0,0,0.06,0.195387847,1.027919679
TCGA-FV-A3R3-01,0.026269491,0,0,0.055267177,0,0.332563,0,0,0,0,0.019266301,0.037836983,0.028683845,0.05454527,0.02471255,0.367216357,0,0,0.053639025,0,0,0,0.57,0.005476595,1.098037508
TCGA-HP-A5N0-01,0.013039748,0.000928927,0.011523027,0,0,0.222435354,0,0.050625584,0.015590154,0,0.012086276,0.107986906,0.095316784,0.105935749,0.029249422,0.056685431,0.003111993,0,0.27312634,0,0.002358304,0,0.6,0.002935917,1.095849549
TCGA-K7-A5RF-01,0.008054104,0.033286478,0,0.039281051,0,0.165183218,0,0.059269029,0.005379997,0,0,0.039051979,0.070086479,0.145805637,0.127401835,0.191284555,0,0,0.115915638,0,0,0,0.27,0.056222923,1.070738303
TCGA-ED-A7PZ-01,0.011421253,0.000540018,0.003686497,0.125427249,0,0.232871053,0,0.020361666,0.130038024,0,0.010762049,0.042292126,0.10773199,0.269835096,0.002144524,0.014288247,0.001277987,0,0.018578082,0,0,0.008744138,0.51,0.016312502,1.106878733
TCGA-YA-A8S7-01,0.001769205,0,0,0.075319378,0,0.151002591,0,0.010986269,0.035388064,0,0.02833367,0.014793417,0.048674106,0,0.014526768,0.522390283,0,0,0.085516953,0,0,0.011299295,0.24,0.066784003,1.080454883
TCGA-DD-A39X-01,0.002230188,0.01211192,0,0,0.031130234,0.109738073,0,0.015343644,0.09110757,0,0.089743019,0,0.047092397,0.231013848,0.027636467,0.324739831,0,0,0,0.018112809,0,0,0.4,0.029960601,1.103859299
TCGA-DD-AACF-01,0.014141158,0,0,0.086100436,0,0.083289572,0,0.102857026,0.007607851,0,0.033629947,0.047031874,0.086599558,0.035547382,0.024325047,0.316891385,0.002153285,0,0.150926152,0,0,0.008899326,0.66,-0.002315169,1.088128447
TCGA-DD-A1EC-01,0.054924978,0,0.039564866,0.139546527,0,0.162803649,0.012181346,0.049919221,0.044356897,0.012690187,0.010020449,0.062318779,0.006950915,0.135947432,0.120861434,0.08556971,0.009628324,0,0.052715288,0,0,0,0.03,0.248927017,0.990609907
TCGA-DD-AAE0-01,0.047872475,0,0.008806428,0.078007561,0,0.128637985,0,0.028913389,0.030006192,0,0,0.028996069,0,0.414073545,0.042205455,0.165570687,0,0,0.026910212,0,0,0,0.12,0.103159789,1.089385168
TCGA-G3-AAV0-01,0.054619141,0,0.006693568,0.208941869,0,0.054157159,0,0.153561161,0.030345552,0,0.005809619,0.079725832,0.046228508,0,0.081341399,0.236633473,0,0,0.041942718,0,0,0,0.97,-0.043119323,1.120151166
TCGA-XR-A8TD-01,0.018398684,0,0.021234054,0.2089473,0,0.08764056,0.021022266,0.065231833,0,0,0.03949771,0.009406482,0.017118078,0.188388177,0.075517603,0.221972433,0,0,0.018399513,0,0,0.007225307,0.03,0.242012902,0.995466639
TCGA-DD-A1EE-11,0.015017991,0.035270401,0,0,0,0.261024987,0,0.044948388,0.015651053,0,0,0.071277217,0.048515557,0.070531382,0.124805622,0.167589261,0.006365769,0,0.139002372,0,0,0,0.49,0.021993968,1.081729404
TCGA-CC-A5UE-01,0.031897206,0,0.016732411,0.065726244,0,0.174504652,0,0.017532155,0.053394372,0,0.007900525,0.015186942,0,0.275580997,0.029539403,0.301870424,0,0,0.009040317,0,0,0.001094352,0.51,0.016334781,1.114840653
TCGA-DD-AACJ-01,0.002389924,0.005445855,0.010735674,0.058685353,0,0.143222038,0,0.004733956,0.033240509,0,0.041690046,0.017903524,0.105310118,0.250058908,0.001292097,0.07771654,0.008713932,0,0.223518332,0,0.015343194,0,0.11,0.11932083,1.047280243
TCGA-G3-AAV5-01,0.203536336,0,0,0.073787973,0,0.064407532,0,0.014527885,0.075754019,0,0,0.042526991,0.010204426,0,0.022631777,0.438950805,0,0,0.053672258,0,0,0,0.93,-0.036722055,1.112732672
TCGA-DD-A1EB-11,0.004081737,0,0.021129643,0.1345531,0,0.041051383,0,0.018050613,0,0,0.004140479,0.034491714,0.095666632,0.047458854,0.131048765,0.238881033,0.018893635,0,0.20082947,0,0.00972294,0,0.59,0.005044511,1.094093852
TCGA-BC-A10W-11,0.078580455,0,0,0.150705784,0,0.142263447,0,0.020950782,0.064719999,0,0.049710997,0.017115502,0.056471125,0,0.060556393,0.348141089,0,0,0,0,0,0.010784427,0.71,-0.004477348,1.099798158
TCGA-DD-AAVS-01,0.007465656,0.010578316,0,0,0,0.351479954,0,0.002654142,0.130090675,0,0,0.127795483,0.088760087,0.143300592,0.032484208,0.058124482,0,0,0.047266405,0,0,0,0.51,0.015179062,1.102972901
TCGA-DD-A11B-01,0.019988967,0,0.040774102,0.014210993,0,0.242386804,0,0,0,0,0,0,0.041461839,0,0.059239678,0.439079188,0,0.026460951,0.099317735,0,0,0.017079744,0.9,-0.030637091,1.10667839
TCGA-MI-A75C-01,0.036670223,0,0,0.115381716,0,0.132199904,0,0.03729508,0.220624526,0.022798404,0,0.065942873,0.012039051,0.086842494,0.084753946,0.169425226,0,0,0.014363999,0,0,0.001662558,0.77,-0.015333183,1.115722464
TCGA-ED-A8O5-01,0.095411895,0,0,0.127014479,0,0.227230127,0,0.062863268,0.022614379,0,0.052255451,0.056285909,0.036275476,0.042302719,0.060782574,0.164122551,0,0,0.052841172,0,0,0,0.91,-0.032492571,1.112728058
TCGA-BC-4072-01,0.006898772,0,0,0,0,0.233763044,0,0.153262959,0.026435611,0,0,0.012092484,0.011398891,0.10062163,0.112995755,0.224551758,0.033625774,0,0.084353323,0,0,0,0.11,0.121123997,1.043402373
TCGA-DD-AAW3-01,0.030069627,0,0.011158512,0,0.059357567,0.24396274,0,0.001376712,0,0,0.031208377,0.092846157,0.090895929,0.12883779,0.000447603,0.033938145,0,0.001908071,0.252249497,0,0.003575517,0.018167757,0.52,0.012245121,1.093017762
TCGA-G3-A5SK-01,0.064467202,0,0,0.124565914,0,0.068386141,0,0.065285772,0.003971636,0.008418933,0.140030516,0,0.00818251,0.028521393,0.094825066,0.373525823,0,0,0.019819095,0,0,0,0.64,-0.001155686,1.107422097
TCGA-BC-A110-01,0.012086635,0,0.001527397,0,0,0.32507912,0,0.002260188,0.036185157,0,0,0.05075511,0.106230727,0.078572078,0.104344804,0.115874408,0.01042491,0,0.126430418,0,0,0.030229047,0.34,0.040881365,1.072006895
TCGA-DD-A3A7-01,0.050641342,0,0.024774151,0.38371157,0,0,0.00608978,0,0.01018412,0,0.024241822,0,0.032622456,0.377279748,0.067937898,0,0,0.005535972,0.00878608,0,0.008195061,0,0.22,0.077609238,1.098336935
TCGA-BC-A10R-11,0.007947317,0,0.028697443,0,0,0.341669522,0,0,0,0,0.112588401,0.034177262,0.133806137,0,0.030005295,0.302083072,0.000150087,0,0,0,0,0.008875464,0.6,0.00227681,1.099102912
TCGA-DD-A1EI-11,0.090695261,0,0,0.072360515,0,0.176991379,0,0,0.023584901,0,0.051863999,0,0.057889463,0,0.082775361,0.407590204,0,0,0.028553138,0,0,0.007695779,0.71,-0.005689669,1.099178637
TCGA-DD-AACN-01,0.140413821,0,0.001791989,0.097667625,0,0.224170311,0,0.03452906,0.026976852,0,0,0.021263696,0.016343324,0,0.145084786,0.256709445,0,0,0.035049089,0,0,0,0.72,-0.007229416,1.105933331
TCGA-DD-AAD5-01,0.002659788,0.001513468,0.012394298,0,0.002226127,0.130093606,0,0.002566104,0.03761203,0,0.046638174,0.052689112,0.049791358,0,0.003986833,0.469649411,0,0,0.188179691,0,0,0,0.23,0.073568583,1.073668258
TCGA-CC-A3MC-01,0.156268642,0,0.025435114,0.013555299,0,0.106892472,0,0.036777064,0.053668777,0,0,0.044920753,0,0.172372099,0.063936598,0.290252838,0,0,0.033428287,0,0,0.002492057,0.27,0.056360556,1.07271885
TCGA-DD-A113-11,0.000721817,0.008470351,0.004034024,0,0,0.199519993,0,0.014177969,0.021773326,0,0.082005086,0.081905328,0.120431913,0.086806313,0.050812757,0.122671111,0,0,0.19442621,0,0,0.0122438,0.74,-0.009648324,1.096061842
TCGA-DD-A1EJ-11,0,0.012376456,0.023815433,0,0,0.244396639,0,0.020811107,0.003867772,0,0.096696532,0.0432395,0.245809129,0,0.022569288,0.251562927,0,0,0.034855218,0,0,0,0.71,-0.006055459,1.098135996
TCGA-DD-A73A-01,0.018301097,0,0,0.127918596,0,0.321772542,0,0.032543211,0.03613354,0,0,0.063770026,0.009924541,0.054233831,0.030064184,0.263816205,0.003123026,0,0.037352995,0,0,0.001046206,0.7,-0.003687204,1.109258532
TCGA-DD-AADI-01,0.007078052,0.009418532,0,0.146788351,0,0.326811389,0,0.009270413,0.086133132,0,0,0.042729901,0.029615111,0.051294476,0.075897035,0.171684826,0.011222252,0,0.03205653,0,0,0,0.26,0.059895162,1.083288663
TCGA-CC-A7IG-01,0.002114715,0.00572322,7.71E-05,0,0.043473555,0.148351564,0,0.001556713,0.132448592,0,0,0.118540101,0.035061372,0.322203063,0.013568346,0.052535143,0.02089611,0,0.097764157,0,0.005686282,0,0.12,0.109671847,1.064192325
TCGA-G3-AAV3-01,0.004327712,0.007228133,0.020900294,0.261597077,0,0.037815565,0,0.055559613,0.10080804,0,0,0.045893037,0,0.233886782,0.083301375,0.08119269,0,0,0.067489682,0,0,0,0.11,0.120768811,1.055266662
TCGA-MI-A75H-01,0.010929974,0,0,0,0,0.061575808,0,0.021715665,0.005048989,0.115711518,0,0.046544553,0.138473396,0.058665955,0.214827968,0.152859146,0.016867604,0,0.156779424,0,0,0,0.08,0.13770162,1.062320606
TCGA-DD-A73E-01,0.21317,0,0.006145311,0.014253107,0.069977125,0.022282146,0,0.008327233,0,0,0.024272515,0.044455674,0.038275318,0.043221326,0.007567533,0.113626206,0,0.027529615,0.366896891,0,0,0,0.74,-0.00979817,1.113348479
TCGA-2Y-A9H7-01,0.016242652,0.004673423,0.007478781,0.075939766,0,0.460762984,0,0,0.012296353,0,0.026388333,0.019159626,0.080799306,0,0.030770156,0.219726923,0.022754253,0.006736851,0.015274222,0,0,0.000996373,0.8,-0.019326174,1.11473057
TCGA-CC-A8HV-01,0.070157156,0,0.316759495,0.046187125,0,0.114391076,0,0.071059139,0.034790304,0,0,0.104139145,0.004216299,0.106753323,0.016405284,0.055789344,0,0,0.059352311,0,0,0,0.51,0.014063619,1.059611193
TCGA-DD-AADJ-01,0.076830679,0,0,0.063441776,0,0.311134532,0,0,0.046037386,0,0,0.090911429,0.043033325,0.006286866,0.053590716,0.184755911,0.050477131,0,0.073096943,0,0,0.000403306,0.91,-0.031867746,1.104973292
TCGA-DD-AAD6-01,0.011989742,0,0,0,0,0.349572164,0,0,0.050138468,0,0,0.024210628,0.043675587,0.186930512,0.00867512,0.28736877,0,0.007140847,0.030298163,0,0,0,0.47,0.024961679,1.097584175
TCGA-BC-A10S-01,0.060716249,0,0,0.070847943,0,0.187464385,0,0.005647781,0.036265094,0,0.025266925,0.024427919,0.011197605,0.014071104,0.022220745,0.52389075,0,0,0.0179835,0,0,0,0.55,0.007854542,1.109384815
TCGA-DD-A11C-11,0.006319287,0.01125551,0.008107056,0.078133589,0,0.208087928,0,0.023245114,0,0,0.036025109,0.031764163,0.049200969,0,0.035367061,0.324108887,0,0,0.188385327,0,0,0,0.89,-0.029410843,1.099746835
TCGA-BC-A10Q-11,0,0.013088588,0.005738597,0,0,0.350916598,0,0.026143108,0,0,0.12898672,0.034195036,0.053756783,0.09491967,0.026083162,0.084202157,1.23E-05,0,0.172884064,0,0,0.009073224,0.71,-0.004947063,1.099877686
TCGA-LG-A9QD-01,0.126587483,0,0,0.133507433,0,0.181108334,0,0.003791955,0.058772945,0,0.015551696,0.022268599,0.012842409,0,0.147849566,0.235881476,0,0,0.061838104,0,0,0,0.95,-0.03886973,1.118704708
TCGA-DD-A3A1-01,0,0,0.012959398,0.079553199,0,0.083131649,0,0.050971425,0.042620732,0,0,0.046121452,0,0.079628738,0.028989533,0.467094993,0,0,0.050390439,0,0,0.058538442,0.59,0.004198305,1.109726343
TCGA-DD-AACZ-01,0.041204965,0,0.033308019,0.081768255,0,0.149908021,0.000834033,0.026852258,0.019567686,0,0.032771275,0,0.052717592,0.066224036,0.046087888,0.391586308,0.005819168,0,0.051350497,0,0,0,0.07,0.18362964,1.015390314
TCGA-CC-A7IK-01,0.092228105,0,0.051694344,0.028635884,0.076805365,0,0,0.026087177,0.015649764,0,0.121445039,0.035318337,0.065124501,0.051416648,0.078683471,0.25905288,0,0,0.095368394,0,0.002490091,0,0.9,-0.030234848,1.093694593
TCGA-DD-AADO-01,0.003492537,0,0.052303726,0.209417779,0,0.114446774,0,0.086799353,0.070695068,0,0,0.041703291,0.013188595,0.152119725,0.040105781,0.192364212,0,0,0.02336316,0,0,0,0.34,0.040479198,1.08215855
TCGA-CC-A7II-01,0.084544632,0,0.006327497,0,0,0.186223997,0,0.022930612,0.13667816,0,0.003299631,0.105116125,0.028591159,0.275763108,0,0.096719941,0,0,0.035431277,0,0.018373861,0,0.36,0.034820604,1.091877441
TCGA-RC-A6M3-01,0.060893591,0,0,0.127655953,0,0.142267924,0,0.124973452,0.009784989,0,0.072172425,0.015903874,0.011465088,0.068804736,0.04152898,0.32051152,0,0,0.004037469,0,0,0,0.76,-0.013698537,1.106577435
TCGA-DD-A39W-11,0.004843378,0.000279585,0.006732904,0,0,0.359033744,0,0.020819288,0.02213877,0,0.020988086,0.083815572,0.045612965,0.011226765,0.02530292,0.197997692,0,0,0.199554806,0,0,0.001653525,0.86,-0.024641724,1.105232697
TCGA-DD-AAW1-01,0.00133897,0.01386727,0.019235569,0.070056438,0,0.215389947,0,0.040630725,0.009750731,0,0,0.091001198,0.110841116,0.133805857,0.036401808,0.021652739,0.005883235,0,0.212947605,0,0.00328747,0.01390932,0.47,0.02465319,1.080542856
TCGA-NI-A8LF-01,0.141286245,0,0,0.08044842,0,0.062650524,0,0,0.13399468,0,0.056284329,0.005193675,0.043954214,0,0.049344137,0.356609129,0,0,0.070234648,0,0,0,0.91,-0.033072622,1.098529582
TCGA-FV-A23B-01,0.059662982,0,0,0.094473665,0,0.184696232,0,0.040977843,0.05878294,0,0.046352331,0.004785032,0.037443261,0,0.084831778,0.321898834,0.043727084,0,0.022368018,0,0,0,0.75,-0.012005946,1.096514881
TCGA-DD-AADC-01,0.016144302,0,0,0,0,0.217225655,0,0.099737897,0.049201636,0,0.058747501,0.029784552,0.025027456,0.176741911,0.059206406,0.096950411,0,0,0.171232273,0,0,0,0.56,0.006333828,1.086853703
TCGA-G3-A3CJ-01,0.052244107,0,0.004829516,0,0,0.061628618,0,0.081192074,0.070712809,0.065869853,0.030317797,0,0.046846562,0.131275779,0.053273742,0.243132405,0,0,0.158676737,0,0,0,0.5,0.018046033,1.076652375
TCGA-ZP-A9D1-01,0.104919878,0,0,0.061260061,0,0.323231588,0,0.002534294,0.108960586,0,0.026127565,0.038571727,0.009739931,0.06356005,0.04286822,0.180708034,0,0,0.036516823,0,0,0.001001244,0.77,-0.015261175,1.105338357
TCGA-DD-A73C-01,0.066877863,0,0,0.125949047,0,0.06351231,0,0.014143056,0.030033977,0,0.133485125,0.002880716,0.036066736,0.042853537,0.039470074,0.374153316,0,0,0.070574241,0,0,0,0.85,-0.023151066,1.106432459
TCGA-CC-A9FU-01,0.043198971,0,0.057762547,0.11274335,0,0.15792848,0,0.048792866,0.066602797,0,0.004157663,0.05041385,0.002472475,0.136369285,0.043657632,0.159901512,0,0,0.115998573,0,0,0,0.81,-0.020693746,1.090039336
TCGA-G3-A25X-01,0.00171119,0.006384003,0,0.088302979,0,0.151069234,0,0.025405811,0.082271514,0,0,0.08213729,0.020591239,0.030534429,0.02454959,0.389507693,0,0,0.081073306,0,0,0.01646172,0.12,0.115478084,1.049681777
TCGA-DD-AACP-01,0.007234517,0.02063376,0,0,0,0.272948628,0,0.016536175,0.138071282,0,0.08662398,0.02445567,0.055946186,0.265817593,0.019473983,0,0,0,0.092258226,0,0,0,0.48,0.023090272,1.092738791
TCGA-UB-A7MB-01,0.02693413,0,0.000754575,0.101157124,0,0.220633066,0,0.088990426,0.002144938,0,0,0.137866285,0.065399006,0.121559374,0.022198163,0.024504113,0,0,0.148577628,0,0,0.039281172,0.76,-0.012345685,1.111878271
TCGA-DD-AADG-01,0.097307317,0,0.041503534,0.166658419,0,0.0357741,0,0.11056109,0,0,0.042435583,0.076872155,0.045734268,0.057907362,0.084857512,0.148831241,0,0,0.091557419,0,0,0,0.51,0.015908045,1.082503081
TCGA-RC-A6M6-01,0.023060705,0,0.017290854,0.01110019,0,0.201048901,0,0.050902654,0.25693417,0,0.023875464,0,0.090010433,0.262411781,0,0.044351767,0.003355997,0,0.015657083,0,0,0,0.5,0.02012885,1.098985579
TCGA-DD-A4NH-01,0,0,0,0.024746201,0,0.194859079,0,0.006021349,0.096285495,0,0,0.073121653,0,0.305550203,0.001346976,0,0.024322301,0,0.052425346,0,0,0.221321398,0.08,0.137103974,1.072448015
TCGA-EP-A12J-01,0,0,0.066091905,0.100632472,0,0.169569243,0,0.004977048,0,0,0,0.159288616,0.187651535,0.070141893,0.10737478,0,0,0.004993092,0.129279417,0,0,0,0.55,0.009728956,1.102782614
TCGA-CC-5262-01,0.014030972,0,0,0.109533964,0,0.088945759,0,0.020622794,0.067421903,0,0,0.043445407,0,0.164220704,0.050328092,0.210834897,0,0,0.139652249,0,0,0.090963259,0.12,0.113910409,1.047371319
TCGA-ZS-A9CD-01,0.043015914,0,0.002061527,0.008657676,0,0.274073748,0,0.021368847,0.006064447,0,0,0.023258171,0.021922319,0.072733351,0.119718827,0.308900351,0,0,0.066827943,0,0,0.031396876,0.4,0.030797274,1.084979191
TCGA-DD-AAE9-01,0,0,0,0,0,0.214509539,0,0.161990956,0.00644518,0,0.02900698,0.076941276,0.022213116,0.204009668,0.054216253,0,0.010880101,0,0.21978693,0,0,0,0.46,0.026761584,1.090253792
TCGA-BD-A2L6-01,0.000719662,0,0.000777824,0,0,0.419492291,0,0.014475953,0.04203526,0,0.046557318,0.004740644,0.028077695,0.079101258,0.073467511,0.095858912,0.00731972,0,0.187375951,0,0,0,0.8,-0.018191714,1.103409721
TCGA-DD-AAEI-01,0.004072329,0,0.001763034,0.089671159,0,0.146949922,0,0.019419719,0.082533153,0,0,0.024198054,0.031044357,0.041457987,0.049925401,0.268103579,0.005932315,0,0.234928992,0,0,0,0.59,0.004096815,1.087686357
TCGA-2Y-A9H3-01,0,0.011558552,0.07176225,0.113490199,0,0.214826788,0,0.018987308,0.033067027,0,0.003729916,0.046744016,0.034398599,0.02137586,0.043031615,0.147871574,0,0,0.239156297,0,0,0,0.17,0.091354926,1.049170064
TCGA-2Y-A9GV-01,0.014306866,0,0.047485831,0,0,0.245734065,0,0.082613688,0.020894276,0,0.090286161,0,0.052840164,0,0.025949108,0.36145076,0,0,0.058439081,0,0,0,0.75,-0.011034424,1.089715979
TCGA-DD-AADS-01,0.012331217,0,0,0.169309749,0,0.031409367,0,0.075806904,0.086527983,0,0.004818015,0.006781575,0.126596265,0.060970054,0.100446956,0.253961818,0.008282819,0,0.062757278,0,0,0,0.46,0.02572023,1.080195722
TCGA-DD-A114-01,0.032368238,0,0.014312406,0.098582062,0,0.135341505,0.003800312,0.098538191,0.053488877,0,0.023835046,0.01156619,0.040594952,0.173384833,0.148215779,0.111894253,0.0059459,0,0.048131456,0,0,0,0.01,0.313194261,0.960855688
TCGA-DD-A39Z-01,0.040970801,0,0,0.145962219,0,0.199373775,0,0.088759781,0.072963314,0,0.01875782,0.100354071,0.024052723,0,0.065901245,0.187861512,0,0,0.05504274,0,0,0,0.87,-0.025132167,1.123420377
TCGA-UB-A7MA-01,0.096871185,0,0,0.086423062,0,0.199995332,0,0.083102708,0.085278056,0,0,0.053114705,0.061217287,0.030458265,0.034691341,0.224251627,0,0.000608,0.028009905,0,0,0.015978528,0.88,-0.026651047,1.101754191
TCGA-EP-A2KB-01,0.046293939,0,0.002610395,0.162617921,0,0.188499058,0,0.090642469,0.013341841,0,0.001029125,0.044558456,0.024334626,0.069949835,0.074903634,0.266080591,0,0,0.01513811,0,0,0,0.9,-0.030402706,1.113906857
TCGA-DD-AAEA-01,0.041569313,0,0,0.030656382,0,0.168611915,0,0.122312169,0.010541132,0.033248184,0,0.013905873,0,0.228764094,0.166788024,0.047546328,0,0,0.135547376,0,0,0.000509209,0.14,0.095256904,1.068534211
TCGA-UB-AA0V-01,0.004842835,0.010843361,0,0.006138478,0,0.323626733,0,0.018477277,0.002837518,0,0.06114166,0.074606959,0.066169634,0.037748133,0.058564635,0.162228283,0.007984276,0,0.157521766,0,0.007268451,0,0.88,-0.02651606,1.102497776
TCGA-BD-A3EP-11,0.060548196,0,0,0.090348871,0,0.123049846,0,0.003276377,0.069275564,0,0.013994873,0.025758177,0.021967914,0.082429989,0.085838036,0.330766484,0,0,0,0.068639316,0,0.024106357,0.33,0.042695541,1.081980569
TCGA-ES-A2HT-11,0.068511895,0,0.020701815,0.07065005,0,0.147136695,0,0.045575907,0.051933937,0,0.041037848,0,0.028140377,0.001340706,0.328979831,0.139322751,0,0,0.056668188,0,0,0,0.07,0.189472882,1.075571655
TCGA-2Y-A9GY-01,0.003703268,0.006117656,0.092543939,0.161308955,0,0,0.005245608,0.039017103,0.057008817,0,0.007808031,0,0.071159458,0.233423436,0.087697658,0.213487643,0,0,0.021478427,0,0,0,0.08,0.143113089,1.037442338
TCGA-XR-A8TE-01,0.114384206,0,0.010434388,0,0,0.370229131,0,0.000381263,0,0,0.018690453,0.022981352,0.058818701,0,0.061387183,0.316738844,0,0,0,0.025954479,0,0,0.74,-0.009785655,1.09692004
TCGA-ED-A4XI-01,0.054011444,0,0,0.089872592,0,0.219131577,0,0.008736089,0.029955941,0,0.042416175,0,0.05218773,0.021433156,0.111688796,0.349085068,0,0,0.021481431,0,0,0,0.55,0.009919504,1.095966941
TCGA-DD-AACG-01,0.083662232,0,0.024273978,0.06037166,0,0.137724854,0,0.005378235,0.045358401,0,0,0.037703821,0,0.241653572,0.012550323,0.311849444,0.001835507,0,0.037637972,0,0,0,0.23,0.071077777,1.079454965
TCGA-BC-A216-11,0.007005731,0,0.038831411,0.130106073,0,0.198174062,0,0.013588989,0.001424585,0,0.0559329,0,0.064611847,0,0.031254981,0.365320266,0,0,0.073844263,0,0,0.019904892,0.64,-0.000452832,1.089036828
TCGA-NI-A4U2-01,0.01496914,0,0.013233971,0,0,0.340291548,0,0.081198649,0.05313653,0,0.087079982,0,0.049835047,0.262117621,0.010103609,0.053239552,0.007108722,0,0.027685627,0,0,0,0.3,0.051037219,1.086058336
TCGA-DD-AAC9-01,0.059247986,0,0.013176088,0.075215885,0,0.197834683,0,0.01450015,0.082009521,0,0,0.044315935,0.025615976,0.125022594,0.056024006,0.281933694,0,0,0.025103481,0,0,0,0.35,0.039588307,1.078309067
TCGA-DD-AAE1-01,0.067268374,0,0,0.071509629,0,0.240008487,0,0.00803448,0.094741202,0,0,0.087277019,0.023975688,0.007541362,0.091032347,0.181704427,0.034525322,0,0.092381664,0,0,0,0.92,-0.035675781,1.108085022
TCGA-DD-A11D-01,0.049066544,0,0,0,0,0.252004713,0,0.00557764,0.040176763,0,0,0.085613452,0.030322493,0.072277456,0.134540837,0.21877222,0.007349466,0,0.104298417,0,0,0,0.88,-0.026634405,1.108400101
TCGA-DD-AADY-01,0.131256315,0,0,0,0,0.226842135,0,0.016594642,0.039116315,0,0.006621271,0.024452859,0.012258982,0,0.090868347,0.415740175,0,0,0.03624896,0,0,0,0.8,-0.019181576,1.106089228
TCGA-ZP-A9D4-01,0.001416636,0.00192536,0,0,0.007475674,0.296065309,0,0,0.009933089,0,0.089746733,0.050185534,0.056292931,0.102314742,0.063408013,0.05182044,0.010477738,0,0.244281075,0,0,0.014656727,0.51,0.014269098,1.092401686
TCGA-DD-AAED-01,0.046136783,0,0,0,0,0.241839446,0,0.015916832,0.092468029,0,0.016242772,0.029629691,0,0.257906613,0.037819013,0.249359046,0,0,0.012681775,0,0,0,0.15,0.091774982,1.072061932
TCGA-DD-AACK-01,0.11590268,0,0.094381415,0.046983669,0,0.124112241,0,0.037004734,0.092314277,0,0,0.07292482,0.007370126,0.054692608,0.051987353,0.23718374,0,0,0.065142339,0,0,0,0.85,-0.023170561,1.083407843
TCGA-DD-AAVQ-01,0.060172833,0.066257031,0.02728545,0.145582566,0,0.132993635,0,0.109637038,0.045017102,0,0,0.026820939,0.032565204,0.139451097,0.05774127,0.118943481,0.003376544,0,0.034155812,0,0,0,0.08,0.133213781,1.033651308
TCGA-BC-A112-01,0.000707711,0.005234203,0.002720648,0.039400456,0,0.239006889,0,0.013490752,0.037528859,0,0.040772387,0.014384796,0.036822697,0.144767938,0.015796925,0.162638487,0,0,0.228676415,0,0.003335543,0.014715291,0.75,-0.012260614,1.096011457
TCGA-DD-A118-01,0,0.007905942,0.007548604,0,0,0.380558703,0,0.016512121,0.097734402,0,0.124616988,0,0.049607069,0.119697641,0.006779618,0.087805079,0.002389659,0,0.098844174,0,0,0,0.87,-0.025386941,1.111213474
TCGA-DD-AACO-01,0.0060084,0,0.009890153,0.142803515,0,0.056462775,0,0.001924171,0.089087157,0.069460686,0.039156986,0,0.009459471,0.033618309,0.035497238,0.281012924,0.00489853,0,0.218470008,0,0,0.002249676,0.71,-0.006366526,1.094788715
TCGA-DD-A1EB-01,0.026752441,0,0,0.066168838,0,0.289600948,0,0.047167848,0.0905886,0,0.025332305,0.041487413,0.101667264,0.097683306,0.06556268,0.035666249,0,0,0.112322107,0,0,0,0.9,-0.030093889,1.106350829
TCGA-DD-A4NL-01,0.110207893,0,0,0.05414818,0,0.184301626,0,0.032210485,0.029653342,0,0.026591204,0.033313633,0.004775062,0.031639961,0.017834155,0.42980253,0,0,0.045521928,0,0,0,0.85,-0.023716258,1.107327098
TCGA-EP-A3JL-01,0.037641435,0,0.00057538,0.10003036,0,0.184628762,0,0.022143179,0.070939729,0,0.001439221,0.035801358,0.033692073,0.040701458,0.159399517,0.261666159,0,0,0.051341368,0,0,0,0.24,0.064654979,1.078285876
TCGA-DD-AAD8-01,0.156521999,0,0.04882141,0.110048464,0,0.054356858,0,0.039314878,0.050190143,0,0,0.039553666,0,0.031092673,0.109415678,0.336522451,0,0,0.02416178,0,0,0,0.81,-0.020711755,1.101098202
TCGA-5R-AA1C-01,0.086175226,0,0.00400475,0.155466166,0,0.087361529,0,0.003922583,0,0,0.043839413,0.015650234,0.010759159,0,0.121001982,0.375822396,0,0,0.095996562,0,0,0,0.57,0.005906597,1.097053483
TCGA-G3-A3CI-01,0.052279068,0,3.85E-05,0.127253692,0,0.014808517,0,0.029809188,0.023838431,0,0.072980296,0.019772718,0.095335874,0.081510247,0.077336927,0.136643496,0.006417462,0,0.241801881,0,0,0.020173718,0.5,0.017403328,1.082124585
TCGA-G3-A3CK-01,0.048240248,0,0.008021838,0.141551097,0,0.083205565,0.00162724,0.094063797,0.017019513,0,0,0.027485686,0.04276506,0.119964537,0.109331013,0.147024544,0,0,0.149839273,0,0.009860589,0,0.31,0.048962719,1.067323942
TCGA-MI-A75G-01,0.028108341,0,0.011613276,0.122353361,0,0.238332128,0,0.059441306,0.074788009,0,0.000377142,0.073688457,0.138251636,0.181562224,0.01964161,0.023643265,0.004318891,0,0.023880354,0,0,0,0.5,0.017338898,1.09671527
TCGA-G3-A5SJ-01,0.034076106,1.66E-05,0.037047109,0.085422667,0,0.195840292,0,0.095328798,0.052859357,0,0.013157418,0.002657421,0,0.213726338,0.080264098,0.151442255,0.011729052,0,0,0,0,0.026432458,0.08,0.142061243,1.039362073
TCGA-DD-A3A4-11,0.004086348,0.004342636,0.025714698,0,0.017097856,0.107447171,0,0.013308239,0.003352409,0,0.03016412,0.080327024,0.061055914,0,0.036619836,0.453423234,0.000296593,0,0.162763922,0,0,0,0.48,0.023645057,1.092539727
TCGA-5R-AAAM-01,0.005730736,0.000818484,0,0.091511145,0,0.255781953,0,0.000529091,0.015935082,0,0.039696926,0.023763949,0.094202614,0.095940182,0.027760357,0.271620916,0,0,0.076708565,0,0,0,0.37,0.032707235,1.079476481
TCGA-BC-A3KG-01,0.110776954,0,0.133794221,0.061691989,0,0.152700863,0,0.098936899,0.040932273,0,0,0.040701142,0.021153734,0.053359246,0.131217956,0.129927864,0,0,0.022121417,0,0,0.002685443,0.9,-0.030400938,1.095114462
TCGA-DD-A3A5-11,0.009231808,0,0.001710484,0,0,0.341429445,0,0.114925849,0.002624788,0,0.019569917,0.082562108,0.099636594,0.056441076,0.033274854,0.050177039,0,0,0.187184908,0,0,0.001231132,0.8,-0.018502089,1.105819835
TCGA-DD-A1EH-11,0.124468287,0,0.018191634,0.134248897,0,0.156224745,0,0.022079915,0.005271843,0,0.010317327,0.01049031,0.022127703,0,0.106255338,0.379032393,0,0,0,0.008155569,0,0.003136038,0.63,-5.91E-05,1.10025471
TCGA-2Y-A9GS-01,0.010862839,0,0,0,0.003809127,0.184272881,0,0,0.05283438,0,0.050406263,0.037273344,0.060005759,0.090716971,0.136548741,0.1986686,0.024780684,0,0.149820413,0,0,0,0.35,0.037124136,1.079151152
TCGA-BD-A3ER-01,0.033371116,0,0,0,0,0.195606339,0,0.013989333,0.085393341,0,0,0.055726194,0.019039547,0.177370468,0.060073304,0.340284858,0,0,0.019145501,0,0,0,0.34,0.040321738,1.092143448
TCGA-BC-A10X-01,0.009235539,0,0.02963608,0.178278613,0,0.144909874,0,0.019514722,0.00726718,0,0.046611967,0,0.053548748,0.002645883,0.032968498,0.290671615,0.00210183,0,0.161708477,0,0,0.020900974,0.74,-0.009705883,1.088453779
TCGA-MI-A75I-01,0.003322421,0,0.009377866,0.025197969,0,0.109358251,0,0.089829148,0.07189863,0,0,0.082313914,0,0.112075786,0.083086615,0.307827903,0.001802648,0,0.090265045,0,0,0.013643805,0.27,0.056591471,1.073232997
TCGA-DD-A1EC-11,0.00238547,0.005752416,0.022510864,0.08501089,0,0.283498313,0,0.029295124,0.002874414,0,0.078758895,0.033237296,0.088316338,0,0.038739806,0.261928868,0.002662498,0,0.058222229,0,0,0.006806578,0.71,-0.005873743,1.095545847
TCGA-CC-A7IF-01,0.000369974,0.007993431,0,0,0.062112221,0.255667239,0,0.00883783,0.066462569,0,0.096843,0.046331358,0.056714618,0.112870381,0.02507547,0.047635862,0.003859267,0,0.209226781,0,0,0,0.73,-0.008724996,1.101398293
TCGA-DD-AACE-01,0.008031413,0,0.02843519,0.119296808,0,0.154085865,0,0.055810272,0.087434219,0,0.003560554,0.032877774,0.090941845,0.179715419,0.066171275,0.005075431,0.004849665,0,0.163714269,0,0,0,0.32,0.043847229,1.069636101
TCGA-DD-AAVY-01,0.164086852,0,0.061397208,0.075352653,0.017114802,0,0,0.030215672,0,0,0.112703741,0.029941674,0,0,0.127309064,0.322846448,0,0,0.041721104,0,0,0.017310782,0.77,-0.015373123,1.104375038
TCGA-EP-A26S-11,0.003108578,0,0.02752479,0.113958562,0,0.03590345,0,0.032428075,0.00255242,0.011651193,0,0.088837235,0.19483446,0,0.028786178,0.246974933,0,0,0,0.100884999,0,0.112555126,0.41,0.029851299,1.101097909
TCGA-DD-A1EG-01,0.044278533,0,0.00407808,0.056843759,0,0.167069711,0,0.010593974,0.06417927,0,0.007050912,0.011941306,0.032823944,0.283889766,0.12877768,0.142305318,0.00219154,0,0.043976206,0,0,0,0.07,0.189178882,1.027378986
TCGA-ED-A7PX-01,0,0.004160065,0.007093257,0,0,0.265612724,0,0.014147215,0.07846461,0,0.045122798,0.065157134,0.024857196,0.26623288,0.007695255,0.053035232,0,0,0.162435751,0,0.005985882,0,0.13,0.098930222,1.0607124
TCGA-DD-AAD1-01,0.088364983,0.042161779,0,0.137426938,0,0.276064757,0,0.031445019,0.019001848,0,0.107780195,0,0.033570136,0.130834247,0.060719885,0.055376169,0,0,0.017254044,0,0,0,0.23,0.072229783,1.07639529
TCGA-DD-AADN-01,0,0.002879628,0.038501519,0.370164057,0,0,0.030317296,0.052750404,0.084467594,0,0.004957556,0.064113596,0.03178985,0.155511339,0.02001988,0.129744425,0,0,0.014782857,0,0,0,0.12,0.103664052,1.069774961
TCGA-DD-A3A3-11,0.022416155,0,0.027064285,0.057094562,0,0.138018673,0,0.004540034,0.002384445,0,0.046169123,0.029896296,0.046197718,0,0.01001442,0.501583358,0,0.002892699,0.102335038,0,0,0.009393194,0.27,0.056413202,1.079328264
TCGA-2Y-A9H9-01,0,0.013155605,0.005058039,0,0.007060422,0.20015141,0,0.035365201,0.073332364,0,0.049853849,0.084835532,0.075570613,0.094280545,0.081316532,0.221903075,0.002690884,0,0.050835615,0,0,0.004590315,0.65,-0.00200002,1.095767243
TCGA-G3-A25Z-01,0,0,0.012587313,0,0,0.179846222,0,0.130545117,0.092018701,0,0.065949383,0.002066548,0.07727541,0.112179329,0.025528772,0.248377917,0.001799257,0,0.044326285,0,0,0.007499748,0.31,0.047321609,1.069939197
TCGA-BC-A10U-11,0.075412471,0,0,0.03328388,0,0.158781642,0,0.001465528,0.02427568,0,0,0.028767544,0,0.117513199,0.024677246,0.424290379,0,0,0.041613063,0.030266504,0,0.039652865,0.5,0.017377669,1.101812709
TCGA-BC-A217-01,0.056288563,0,0.000214003,0.086848252,0,0.300217104,0,0.040695553,0.050533437,0,0,0.012972503,0,0.05491531,0.071912123,0.298500113,0,0,0.026903039,0,0,0,0.33,0.041952301,1.082185842
TCGA-BC-A110-11,0.117423949,0,0.030639045,0.000855981,0,0.099879835,0,0,0.029108207,0,0.085835861,0,0.011739421,0.009377759,0.07131271,0.458895015,0,0,0.010434924,0,0,0.074497293,0.36,0.034323909,1.089405157
TCGA-BC-A10R-01,0.001635425,0.00279009,0.007998637,0,0,0.331204715,0,0.00470557,0.077653514,0,0.053277434,0.024743321,0.089202099,0.081636809,0.028817627,0.07799621,0.012541338,0,0.201216418,0,0,0.004580794,0.93,-0.037040306,1.102038451
TCGA-ED-A7XO-01,0.050667902,0,0.036189659,0.104210481,0,0.110129507,0,0.025284486,0.05404541,0,0,0.057395598,0.01739008,0,0.044154686,0.3923852,0,0,0,0.07558473,0,0.032562261,0.72,-0.006870701,1.098113721
TCGA-G3-AAV7-01,0.001007675,0.002140753,0.024130604,0,0,0.266634574,0,0.022539736,0.020363556,0,0.040936256,0,0.007249646,0.516940395,0.003524426,0.078441406,0,0,0.016090974,0,0,0,0.07,0.182264992,1.068835674
TCGA-GJ-A3OU-01,0.004782835,0.002426355,0,0.02044645,0,0.058940266,0,0.020757144,0.090208326,0,0.01829643,0,0,0.485851498,0.058257598,0.200714134,0.004430962,0,0.034888001,0,0,0,0,0.563370854,0.827616305
TCGA-DD-AADB-01,0.056906678,0,0,0.198294858,0,0.080668298,0.000967762,0.078413102,0.15493988,0,0,0.019763405,0,0.243073438,0.074920965,0.059583359,0,0,0.032468255,0,0,0,0.22,0.074881871,1.076848461
TCGA-RC-A7SK-01,0.06414399,0,0.018070368,0.122310489,0,0.260425919,0,0.070396524,0.062954524,0,0,0.016709643,0.071813459,0.129434025,0.001091038,0.009377275,0,0,0.164075448,0,0.009197299,0,0.91,-0.032063603,1.107944913
TCGA-DD-A4NE-01,0.18477226,0,0.030896289,0,0,0.068424457,0,0.004498013,0.016487571,0.028417107,0,0.055935423,0.099245319,0,0.03060019,0.247375816,0,0,0.225139777,0,0,0.008207778,0.91,-0.033942378,1.097634331
TCGA-DD-A39V-11,0.014254223,0,0.007658745,0.098210445,0,0.092704777,0,0.011898335,0.000486455,0.060943464,0,0.02169666,0.164659212,0.070832301,0.054653684,0.177592182,0.002768829,0,0.221640686,0,0,0,0.54,0.011020428,1.084443805
TCGA-DD-AACT-01,0.036558612,0.012415412,0.025965971,0.322235161,0,0,0,0.061580424,0.034582872,0.074964895,0,0.008043513,0.067741082,0.135676258,0.03303474,0.059840167,0,0,0.1004871,0,0.003759414,0.02311438,0.34,0.04146147,1.081522929
TCGA-ZP-A9D0-01,0.004022182,0.006946756,0.006319046,0,0,0.402197233,0,0.008529371,0.044716975,0,0.096827773,0.034517118,0.084351198,0.059242182,0.018629067,0.073576359,0.003958401,0,0.156166338,0,0,0,0.96,-0.04227576,1.116171184
TCGA-DD-AADF-01,0.030459808,0,0.23000641,0.398915112,0,0,0.012927593,0.086085729,0.025739738,0,0,0.022870547,0,0.011887929,0.071413201,0.104078761,0,0,0.00561517,0,0,0,0.83,-0.021967669,1.109322694
TCGA-DD-A1EJ-01,0,0.003179469,0.004497601,0.100557918,0,0.145656282,0,0.024642353,0.111804966,0,0.052016202,0.02210851,0.144226979,0.183307779,0.005750391,0.058054718,0.000851258,0,0.143345573,0,0,0,0.51,0.013212659,1.084108353
TCGA-DD-AAVU-01,0.00185454,0,0.006335277,0,0.029583326,0.042211995,0,0.005789966,0.057082602,0,0.092600118,0,0.018652835,0.497879832,0,0.199780814,0,0,0.048228695,0,0,0,0.07,0.164912473,1.086449384
TCGA-G3-A3CG-01,0.110435749,0,0.007395528,0.067637275,0,0.141883582,0,0.009736445,0.12482464,0,0.051385316,0,0,0,0.226198394,0.180955714,0,0,0.057948943,0,0,0.021598416,0.55,0.009543213,1.121006058
TCGA-BC-A10W-01,0.001095004,0.003307739,0.003024165,0,0,0.542954081,0,0.011334144,0.006386557,0,0.080526745,0,0.045954472,0.174838775,0.002336153,0.085304777,0,0,0.038953208,0,0,0.003984179,0.6,0.002381209,1.117212093
TCGA-O8-A75V-01,0.023445533,0,0,0.08618165,0,0.074760794,0,0.00975839,0.112543299,0.023791282,0.015333322,0,0,0.237558223,0.040886583,0.266805313,0,0,0.105183873,0,0,0.003751736,0.27,0.055549295,1.080873802
TCGA-DD-A3A9-01,0.022968305,0,0.009427061,0.109082988,0,0.196230966,0,0.040200243,0.14680768,0,0.001141792,0.030733708,0.015464832,0.100790453,0.095359423,0.164264555,0.022450851,0,0.045077143,0,0,0,0.34,0.041103652,1.079390048
TCGA-DD-A73G-01,0.006360869,0,0,0.092135594,0,0.088412792,0,0,0.083870937,0,0.039243257,0.004278977,0.045927999,0,0.016847967,0.52917505,0,0,0.093746559,0,0,0,0.54,0.011581191,1.104745864
TCGA-DD-A1ED-01,0.083370878,0,0,0.054413142,0,0.144694584,0,0,0.029868064,0,0,0.038185223,0.017196088,0.005184777,0.022269968,0.397663768,0,0,0.184029129,0.018271454,0,0.004852924,0.5,0.018304914,1.086136407
TCGA-WX-AA47-01,0.262494187,0,0.479200961,0,0.070953117,0,0,0.013395267,0,0,0.02040786,0.007942549,0,0.116750496,0.009512894,0.009820296,0,0,0.009522373,0,0,0,0.32,0.044480134,1.056806054
TCGA-G3-A7M5-01,0.01708112,0,0,0.211919193,0,0.072659413,0,0.125459371,0,0,0.080948525,0,0.068841216,0.157916126,0.049146213,0.01334915,0.001368192,0,0.201311481,0,0,0,0.46,0.026540405,1.087319173
TCGA-DD-A4NI-01,0.014831364,0,0.001985576,0.016255435,0,0.277181523,0,0.068609929,0.011929183,0,0.004591811,0.052025043,0.081278134,0.052613148,0.099891007,0.162770177,0.000344213,0,0.155693457,0,0,0,0.55,0.008430473,1.084007855
TCGA-2Y-A9H8-01,0.001699638,0,0.03042043,0.019338433,0,0.040572113,0,0.106808355,0.049997412,0.018834679,0,0.000204191,0.079213279,0.284757434,0.117032668,0.164853299,0.003231647,0,0.083036421,0,0,0,0.13,0.096096767,1.068555783
TCGA-DD-A3A8-11,0.019418702,0,0.0272429,0,0.046151739,0.025730021,0,0.037427607,0.005174281,0.051149046,0.172137592,0,0.137542934,0.116189176,0.080405269,0.146443132,0.001388333,0,0.133599269,0,0,0,0.39,0.031114526,1.079629596
TCGA-2Y-A9GT-01,0.029828135,0,0,0.284085135,0,0.128980528,0.000610383,0.092614259,0.078297391,0,0.020385634,0.025011922,0.06933917,0.036525498,0.081535855,0.085566264,0,0,0.067219826,0,0,0,0.31,0.050224119,1.090770791
TCGA-CC-5260-01,0.064909371,0,0,0.148854954,0,0.185420548,0,0.01736231,0.063480401,0,0.039392878,0,0.056171405,0.094882078,0.039050288,0.269282734,0.011991752,0,0.009201281,0,0,0,0.22,0.075280407,1.063821398
TCGA-DD-A1EL-11,0.044918638,0,0.006741713,0,0,0.298335013,0,0.013966356,0.002461934,0,0.04873533,0.045091957,0.066344955,0.011799782,0.07115591,0.248359821,0,0,0.134205724,0,0.007882866,0,0.71,-0.004954005,1.085821107
TCGA-DD-A3A1-11,0.013818633,0,0.023945533,0.118792474,0,0.051926997,0.004479879,0.014387794,0.00525293,0.03245641,0.002008326,0,0.133632823,0,0.061213263,0.445429497,0,0,0.09265544,0,0,0,0.53,0.011960382,1.096456843
TCGA-DD-A119-01,0,0.013600087,0,0,0,0.270151758,0,0.000201491,0.051354208,0,0.146913188,0,0.015723577,0.287036037,0.051309557,0.127099116,0,0,0.03661098,0,0,0,0.22,0.074955121,1.080115556
TCGA-FV-A2QR-01,0,0,0.0115219,0.030422283,0,0.054939289,0,0.104944126,0.002308063,0,0,0.070401319,0.010178201,0.176419197,0.135888973,0.268679891,0,0,0.123255407,0,0,0.011041352,0.21,0.083295047,1.074120909
TCGA-G3-A25V-01,0.024569571,0,0,0,0,0.236597056,0,0.031312661,0.070694356,0,0.018872111,0.010961737,0.069353276,0.113770507,0.156390618,0.149906872,0.022866114,0,0.094705122,0,0,0,0.21,0.081463297,1.062479352
TCGA-CC-A8HT-01,0.004553365,0.007507766,0,0.152333648,0,0.035486085,0,0.194799011,0.037641542,0,0,0.026941702,0.064065128,0.242372529,0.066421357,0,0.021466192,0,0.127366459,0,0,0.019045218,0.32,0.046255672,1.076244485
TCGA-DD-AADL-01,0.023901889,0,0.022204194,0.051381779,0,0.078254378,0,0.107598052,0,0,0,0.098526238,0.019792869,0.080714575,0.14944969,0.20316582,0.018701515,0,0.132961467,0,0,0.013347534,0.87,-0.025586798,1.110140048
TCGA-XR-A8TC-01,0.070928442,0,0,0,0,0.412501046,0,0,0.012414533,0,0.014273017,0.033096144,0.033616438,0,0.057795112,0.317098218,0,0,0.04827705,0,0,0,0.92,-0.03627036,1.109932428
TCGA-CC-A7IJ-01,0,0.007777197,0,0.212893885,0,0.128477067,0,0.086660817,0,0.015926495,0,0.029390626,0.010417025,0,0.088716562,0.344813493,0.001244582,0,0.064343201,0,0.009339051,0,0.07,0.163547999,1.030993876
TCGA-FV-A23B-11,0.08222685,0,0,0.090862083,0,0.321315326,0,0.028004749,0,0,0.01371359,0,0.032880438,0.012120023,0.138956945,0.268817265,0,0,0,0,0,0.01110273,0.35,0.037402335,1.092414598
TCGA-5C-A9VH-01,0.084722978,0,0,0.051871151,0,0.384404833,0,0.052908879,0.095835288,0,0.0106373,0.051868271,0.018709037,0.034741818,0.056018642,0.14171511,0,0,0.016566694,0,0,0,0.91,-0.032043837,1.126722434
TCGA-DD-AADR-01,0.052366271,0,0.128242109,0.100076528,0,0.215831585,0,0.008901169,0.057839262,0,0.006083145,0.02918699,0.007575876,0.044084704,0.047412928,0.278261316,0,0,0.024138118,0,0,0,0.65,-0.001350195,1.079046314
TCGA-2Y-A9HB-01,0.000455223,0.008645356,0,0.163471973,0,0.040905566,0,0.031101068,0.094267758,0.003547871,0,0.029119487,0.024607199,0.154700293,0.092594554,0.182465332,0,0,0.17411832,0,0,0,0.35,0.037321947,1.078075265
TCGA-DD-AAE3-01,0.012009363,0,0.012004903,0,0.008990441,0.05577354,0,0.007275857,0.026287595,0,0.018314368,0.040211718,0.084100734,0,0.004778508,0.592655142,0.001843875,0,0.135753955,0,0,0,0.68,-0.003001201,1.130986229
TCGA-DD-A4NA-01,0.040404769,0,0.024240855,0.013761123,0,0.103599066,0,0.007316099,0.090394014,0,0.013889879,0.065040682,0.001207732,0.16920017,0.053201832,0.379412132,0,0,0.021566024,0,0,0.016765622,0.22,0.07579861,1.077860451
TCGA-DD-AACI-01,0.027441963,0,0.006880874,0.234846526,0,0.066078921,0.002850111,0.072979762,0.031210643,0,0,0.055403872,0.012030912,0.052519009,0.041758262,0.333814221,0.004217085,0,0.05796784,0,0,0,0.36,0.035005561,1.084358978
TCGA-DD-AADU-01,0.127546191,0,0.057716177,0.012935729,0,0.028343039,0,0.041343998,0,0,0,0.103405354,0,0.177172755,0.047024887,0.267824367,0,0,0,0.136687502,0,0,0.31,0.047162097,1.094576454
TCGA-EP-A3RK-01,0.04499239,0,0,0.092013175,0,0.085678076,0,0.084184468,0.057100458,0,0.006499528,0.019848868,0.047459748,0.11113039,0.077235127,0.304661374,0.007033295,0,0.062163102,0,0,0,0.13,0.096539026,1.051949615
TCGA-CC-A5UD-01,0.069562223,0,0.026790977,0.113075309,0,0.069818338,0,0.084395951,0.026811825,0,0.036186971,0.022407486,0.039492401,0,0.132435032,0.339511497,0,0.002732759,0.03677923,0,0,0,0.79,-0.016939771,1.103902576
TCGA-CC-A9FV-01,0.006775571,0,0.0088698,0.027346034,0,0.173704186,0,0.01569422,0.028038289,0,0.006376322,0.040087838,0.020472925,0,0,0.505085332,0,0.003929342,0.163620141,0,0,0,0.06,0.20362565,1.015800003
TCGA-DD-AAEE-01,0.042479214,0,0.005540717,0,0,0.1563912,0,0.009455563,0.040895494,0.010791519,0.011770628,0.030254122,0.032975656,0.286385678,0.060774434,0.068821278,0.008477489,0,0.234987007,0,0,0,0.22,0.075240064,1.07073332
TCGA-ZS-A9CF-02,0.077484072,0,0,0.039775595,0,0.302201579,0,0.034697191,0.066762451,0,0,0.05326175,0.035230905,0.023438422,0.114960244,0.179948203,0.027476477,0,0.04476311,0,0,0,0.8,-0.019156717,1.104125649
TCGA-ZS-A9CF-01,0.059994405,0,0,0.02630947,0,0.278383476,0,0.075125525,0.04323812,0,0,0.043294581,0.021993594,0.054828491,0.139016075,0.196896368,0.017726077,0,0.043193817,0,0,0,0.35,0.037942679,1.08388512
TCGA-RC-A6M4-01,0.070444946,0,0.002635297,0,0.014940183,0.088305984,0,0.008869135,0.071357411,0,0,0.071351291,0.024397913,0.071449231,0.085844804,0.394792564,0.003271619,0,0.092339622,0,0,0,0.74,-0.009791255,1.104358365
TCGA-G3-A7M8-01,0.000209532,0.002077199,0.008702073,0,0,0.376820832,0,0.013560839,0.003423086,0,0.024573273,0.066414222,0.061833983,0.034412961,0.009000836,0.276837378,0.00022437,0,0.119301314,0,0,0.002608102,0.92,-0.03523802,1.10727515
TCGA-DD-AAVP-01,0.015371322,0,0,0,0.000948739,0.159224601,0,0.087194414,0.030921603,0,0.088782352,0,0.063745497,0.112637934,0.131393372,0.03080675,0.016658458,0,0.262314958,0,0,0,0.35,0.039813586,1.081396229
TCGA-UB-A7ME-01,0.051926933,0,0,0.127792161,0,0.19396649,0,0.08875775,0.088188353,0,0,0.03815967,0,0.202620533,0.091845147,0.092814235,0,0,0.023928728,0,0,0,0.13,0.101201879,1.063788179
TCGA-DD-A4NR-01,0.005476065,0,0.011336142,0.226022018,0,0.002963021,0.027322824,0.073755175,0.111529927,0,0.051483056,0,0.024473345,0.113339899,0.043249344,0.289186396,0,0,0.019427038,0,0,0.000435751,0.05,0.214988514,1.005740129
TCGA-G3-A25U-01,0.102567327,0,0.037361825,0.007402282,0,0.095839668,0,0.021617278,0.039248873,0,0.08020697,0.015356,0.089676888,0,0.109968774,0.297513383,0,0,0.051038188,0,0,0.052202543,0.77,-0.014962515,1.093535265
TCGA-DD-AAE6-01,0.20185331,0,0.190212066,0.021283286,0,0.10610971,0,0.01550677,0.043090769,0,0.040850763,0.012869183,0.047310545,0,0.007244835,0.182174979,0,0.003732377,0.127761408,0,0,0,0.99,-0.049624674,1.078799156
TCGA-G3-AAV2-01,0.003748161,0.003726661,0.009316041,0,0.080265973,0.130036491,0,0.006256129,0.011413115,0,0.036860142,0.059035359,0.109599362,0.097480273,0.002728475,0.07342284,0.011492625,0,0.362479047,0,0,0.002139306,0.54,0.0103436,1.104930318
TCGA-BC-A10Z-11,0.00358402,0.000660452,0.001612394,0.105494397,0,0.200678506,0,0.123387285,0.001768586,0,0,0.054225614,0.072371831,0.24508771,0.008210241,0.140523667,0,0,0.032146419,0,0,0.010248878,0.36,0.033426101,1.093622857
TCGA-ZP-A9CY-01,0.021356128,0,0.007748943,0,0.055404943,0.16136596,0,0.001711267,0.090249064,0,0.080372638,0.049013692,0.081923576,0.124056267,0.024631147,0.175127457,0.000110013,0,0.121364731,0,0,0.005564176,0.35,0.03859714,1.070268145
TCGA-DD-A39Y-01,0.013427779,0,0.023242083,0.062481739,0,0.105939738,0,0.020246644,0.113437519,0,0,0.05854813,0.000237371,0.081600967,0.016158305,0.439066939,0.02708865,0,0.038524136,0,0,0,0.87,-0.025841003,1.116842105
TCGA-DD-A115-01,0,0,0,0,0,0.300239465,0,0.142379851,0.001723084,0,0,0.009229044,0.047989555,0.052349297,0.079940829,0.232240041,0.001549694,0,0.13235914,0,0,0,0.52,0.012557985,1.08433851
TCGA-FV-A3I0-11,0.028086064,0,0.000422227,0,0,0.423600104,0,0.012225868,0.004482392,0,0.037672665,0.07132277,0.131234322,0.070019386,0.035335961,0.050732617,0,0,0.113866722,0,0,0.020998901,0.75,-0.011107949,1.101949268
