,slide_id,HE,CD3,CD4,CD8,CD19,CD68,Foxp3,size
0,201560185_HE_null,1,1,1,1,1,1,1,274938633
1,201234031_HE_1,1,1,1,1,1,1,1,355388160
2,201243563_HE_5,1,1,1,1,1,1,1,303796992
5,201539376_HE_null,1,1,1,1,1,1,1,271952649
9,201450650_HE_3,1,1,1,1,1,1,1,214825728
10,201424487_HE_2,1,1,1,1,1,1,1,237693696
11,201560526_HE_null,1,1,1,1,1,1,1,352561929
12,201683984_HE_5,1,1,1,1,1,1,1,366023424
13,201635166_HE_3,1,1,1,1,1,1,1,314383104
15,201332413_HE_9,1,1,1,1,1,1,1,277986048
19,201243749_HE_6,1,1,1,1,1,1,1,289555200
24,201536233_HE_null,1,1,1,1,1,1,1,347290377
25,201664941_HE_5,1,1,1,1,1,1,1,316779264
27,201331264_HE_9,1,1,1,1,1,1,1,143309568
28,201306767_HE_4,1,1,1,1,1,1,1,242227968
29,201531258_HE_null,1,1,1,1,1,1,1,153385737
30,201259493_HE_5,1,1,1,1,1,1,1,315765504
31,201471112_HE_2,1,1,1,1,1,1,1,365304576
32,201352885_HE_11,1,1,1,1,1,1,1,364002051
34,201346984_HE_3,1,1,1,1,1,1,1,382384896
35,201204056_HE_3,1,1,1,1,1,1,1,222229248
39,201648412_HE_5,1,1,1,1,1,1,1,194919168
41,201678204_HE_5,1,1,1,1,1,1,1,303907584
43,201536253_HE_3,1,1,1,1,1,1,1,165219072
44,201133658_HE_1,1,1,1,1,1,1,1,227162880
49,201350910_HE_4,1,1,1,1,1,1,1,335813376
51,201635967_HE_3,1,1,1,1,1,1,1,214438656
52,201259839_HE_2,1,1,1,1,1,1,1,380572416
54,201507019_HE_null,1,1,1,1,1,1,1,264764169
55,201304800_HE_4,1,1,1,1,1,1,1,370090752
56,201328266_HE_3,1,1,1,1,1,1,1,328710912
58,201536981_HE_3,1,1,1,1,1,1,1,308060928
61,201158340_HE_2,1,1,1,1,1,1,1,312208128
63,201259222_HE_8,1,1,1,1,1,1,1,386777856
64,201418277_HE_4,1,1,1,1,1,1,1,215089920
65,201130407_HE_1,1,1,1,1,1,1,1,288664320
66,201260567_HE_3,1,1,1,1,1,1,1,389997312
72,201302616_HE_6,1,1,1,1,1,1,1,346596096
77,201624208_HE_3,1,1,1,1,1,1,1,359437056
78,201670977_HE_3,1,1,1,1,1,1,1,271596288
79,201331527_HE_3,1,1,1,1,1,1,1,354687744
80,201636762_HE_3,1,1,1,1,1,1,1,380203776
81,201461842_HE_5,1,1,1,1,1,1,1,228791040
82,201224993_HE_null,1,1,1,1,1,1,1,120724233
83,201682604_HE_4,1,1,1,1,1,1,1,186120960
84,201354354_HE_4,1,1,1,1,1,1,1,209769216
85,201514617_HE_3,1,1,1,1,1,1,1,360395520
86,201539812_HE_null,1,1,1,1,1,1,1,380621577
94,201356020_HE_4,1,1,1,1,1,1,1,296706816
95,201332125_HE_2,1,1,1,1,1,1,1,326744832
99,201366184_HE_null,1,1,1,1,1,1,1,269697801
100,201206186_HE_7,1,1,1,1,1,1,1,318044928
103,201327038_HE_3,1,1,1,1,1,1,1,269095680
105,201329892_HE_2,1,1,1,1,1,1,1,280173312
109,201528147_HE_3,1,1,1,1,1,1,1,302039808
110,201528863_HE_2,1,1,1,1,1,1,1,245539584
111,201477554_HE_4,1,1,1,1,1,1,1,223550208
113,201569059_HE_2,1,1,1,1,1,1,1,310309632
114,201433387_HE_4,1,1,1,1,1,1,1,253680384
115,201342037_HE_4,1,1,1,1,1,1,1,257489664
116,201529174_HE_null,1,1,1,1,1,1,1,262576905
119,201656223_HE_3,1,1,1,1,1,1,1,326271744
120,201533408_HE_null,1,1,1,1,1,1,1,226063113
122,201331533_HE_4,1,1,1,1,1,1,1,281230080
124,201214436_HE_null,1,1,1,1,1,1,1,268026633
125,201330940_HE_7,1,1,1,1,1,1,1,266158848
126,201448362_HE_2,1,1,1,1,1,1,1,384645888
128,201342643_HE_2,1,1,1,1,1,1,1,351585024
129,201203490_HE_7,1,1,1,1,1,1,1,226345728
130,201507080_HE_null,1,1,1,1,1,1,1,309793545
133,201247237_HE_1,1,1,1,1,1,1,1,315058944
134,201237232_HE_10,1,1,1,1,1,1,1,169138947
138,201132372_HE_6,1,1,1,1,1,1,1,265661184
139,201540446_HE_2,1,1,1,1,1,1,1,285278976
140,201358635_HE_5,1,1,1,1,1,1,1,368855808
145,201327882_HE_5,1,1,1,1,1,1,1,388768512
146,201447602_HE_5,1,1,1,1,1,1,1,260807424
147,201306413_HE_5,1,1,1,1,1,1,1,286495488
148,201584438_HE_4,1,1,1,1,1,1,1,133522176
149,201659063_HE_6,1,1,1,1,1,1,1,273335040
150,201550810_HE_4,1,1,1,1,1,1,1,351738624
152,201306014_HE_1,1,1,1,1,1,1,1,259228416
153,201360072_HE_7,1,1,1,1,1,1,1,247640832
154,201468671_HE_2,1,1,1,1,1,1,1,338154240
155,201130899_HE_null,1,1,1,1,1,1,1,223445769
156,201132072_HE_null,1,1,1,1,1,1,1,177814281
157,201575131_HE_3,1,1,1,1,1,1,1,326486784
158,201401636_HE_4,1,1,1,1,1,1,1,383460096
161,201684010_HE_4,1,1,1,1,1,1,1,185051904
163,201264029_HE_1,1,1,1,1,1,1,1,301265664
165,201545330_HE_null,1,1,1,1,1,1,1,256346889
166,201346963_HE_2,1,1,1,1,1,1,1,331057920
168,201583088_HE_5,1,1,1,1,1,1,1,240814848
169,201218007_HE_null,1,1,1,1,1,1,1,286839561
170,201366123_HE_4,1,1,1,1,1,1,1,279694080
171,201213152_HE_null,1,1,1,1,1,1,1,374575881
173,201643275_HE_4,1,1,1,1,1,1,1,345815808
175,201565536_HE_6,1,1,1,1,1,1,1,277009152
178,201424802_HE_7,1,1,1,1,1,1,1,292276992
181,201122326_HE_4,1,1,1,1,1,1,1,303913728
182,201634082_HE_3,1,1,1,1,1,1,1,310831872
183,201245489_HE_4,1,1,1,1,1,1,1,353323776
185,201222784_HE_null,1,1,1,1,1,1,1,384381705
187,201639936_HE_3,1,1,1,1,1,1,1,266220288
189,201461821_HE_2,1,1,1,1,1,1,1,175098624
190,201524599_HE_4,1,1,1,1,1,1,1,255781632
192,201549146_HE_null,1,1,1,1,1,1,1,75031305
195,201449380_HE_4,1,1,1,1,1,1,1,288645888
196,201664137_HE_5,1,1,1,1,1,1,1,360653568
198,201256272_HE_4,1,1,1,1,1,1,1,294599424
199,201230108_HE_5,1,1,1,1,1,1,1,386317056
200,201548796_HE_null,1,1,1,1,1,1,1,267891465
204,201341023_HE_2,1,1,1,1,1,1,1,351750912
206,201348471_HE_1,1,1,1,1,1,1,1,328876800
210,201531944_HE_null,1,1,1,1,1,1,1,382624521
211,201260933_HE_2,1,1,1,1,1,1,1,364432128
212,201132369_HE_1,1,1,1,1,1,1,1,277998336
216,201344200_HE_1,1,1,1,1,1,1,1,323808000
217,201366693_HE_2,1,1,1,1,1,1,1,348930816
219,201233491_HE_4,1,1,1,1,1,1,1,318419712
221,201233165_HE_3,1,1,1,1,1,1,1,314512128
222,201210372_HE_null,1,1,1,1,1,1,1,217013001
225,201239532_HE_3,1,1,1,1,1,1,1,223918848
227,201241036_HE_2,1,1,1,1,1,1,1,321104640
229,201217947_HE_1,1,1,1,1,1,1,1,197567232
231,201225497_HE_2,1,1,1,1,1,1,1,331672320
232,201221956_HE_null,1,1,1,1,1,1,1,216152841
233,201208500_HE_5,1,1,1,1,1,1,1,265022208
234,201222296_HE_null,1,1,1,1,1,1,1,300061449
235,201245688_HE_2,1,1,1,1,1,1,1,330160896
236,201239606_HE_6,1,1,1,1,1,1,1,230468352
237,201243560_HE_1,1,1,1,1,1,1,1,152974080
238,201220292_HE_null,1,1,1,1,1,1,1,375681801
239,201236179_HE_4,1,1,1,1,1,1,1,316717824
240,201239354_HE_4,1,1,1,1,1,1,1,375141120
241,201305708_HE_11,1,1,1,1,1,1,1,363774723
242,201238272_HE_3,1,1,1,1,1,1,1,287613696
245,201245698_HE_4,1,1,1,1,1,1,1,280056576
246,201134802_HE_6,1,1,1,1,1,1,1,306500352
247,201241559_HE_2,1,1,1,1,1,1,1,379282176
248,201302652_HE_4,1,1,1,1,1,1,1,289936128
250,201129928_HE_5,1,1,1,1,1,1,1,338590464
251,201303139_HE_6,1,1,1,1,1,1,1,279909120
252,201244634_HE_5,1,1,1,1,1,1,1,316951296
253,201302659_HE_7,1,1,1,1,1,1,1,324422400
257,201340180_HE_5,1,1,1,1,1,1,1,256715520
259,201224433_HE_null,1,1,1,1,1,1,1,317516553
260,201226397_HE_null,1,1,1,1,1,1,1,365900553
262,201224984_HE_3,1,1,1,1,1,1,1,386102016
263,201210600_HE_8,1,1,1,1,1,1,1,294458112
265,201123309_HE_9,1,1,1,1,1,1,1,267031296
267,201125309_HE_3,1,1,1,1,1,1,1,157379328
268,201214694_HE_null,1,1,1,1,1,1,1,368616201
270,201229392_HE_1,1,1,1,1,1,1,1,374649600
271,201307000_HE_4,1,1,1,1,1,1,1,138873600
272,201218793_HE_null,1,1,1,1,1,1,1,377764617
273,201210665_HE_3,1,1,1,1,1,1,1,213529344
274,201200915_HE_3,1,1,1,1,1,1,1,282415872
278,201236658_HE_3,1,1,1,1,1,1,1,376382208
279,201232695_HE_3,1,1,1,1,1,1,1,312201984
281,201225453_HE_2,1,1,1,1,1,1,1,268002048
282,201236165_HE_2,1,1,1,1,1,1,1,292713216
283,201247862_HE_2,1,1,1,1,1,1,1,309861120
284,201305260_HE_2,1,1,1,1,1,1,1,376646400
285,201229180_HE_1,1,1,1,1,1,1,1,343689984
286,201232964_HE_3,1,1,1,1,1,1,1,196829952
287,201254007_HE_4,1,1,1,1,1,1,1,343524096
290,201248402_HE_2,1,1,1,1,1,1,1,317559552
292,201254001_HE_3,1,1,1,1,1,1,1,386667264
293,201158801_HE_3,1,1,1,1,1,1,1,257200896
296,201251571_HE_4,1,1,1,1,1,1,1,377912064
297,201253680_HE_null,1,1,1,1,1,1,1,319961865
299,201200665_HE_9,1,1,1,1,1,1,1,325184256
300,201243735_HE_2,1,1,1,1,1,1,1,336753408
304,201229609_HE_1,1,1,1,1,1,1,1,295791360
306,201304595_HE_null,1,1,1,1,1,1,1,139051785
308,201221670_HE_null,1,1,1,1,1,1,1,387115785
309,201237170_HE_4,1,1,1,1,1,1,1,311212800
312,201214643_HE_null,1,1,1,1,1,1,1,352488201
313,201212265_HE_5,1,1,1,1,1,1,1,245871360
314,201132079_HE_5,1,1,1,1,1,1,1,201652992
315,201249270_HE_2,1,1,1,1,1,1,1,334480128
317,201133417_HE_2,1,1,1,1,1,1,1,307268352
319,201244918_HE_2,1,1,1,1,1,1,1,227334912
320,201242990_HE_2,1,1,1,1,1,1,1,307286784
321,201312977_HE_4,1,1,1,1,1,1,1,278606592
323,201312469_HE_null,1,1,1,1,1,1,1,302162697
327,201251861_HE_4,1,1,1,1,1,1,1,250325760
328,201260053_HE_6,1,1,1,1,1,1,1,240796416
329,201306574_HE_3,1,1,1,1,1,1,1,387085056
330,201247857_HE_3,1,1,1,1,1,1,1,276966144
334,201130909_HE_1,1,1,1,1,1,1,1,79577856
335,201313037_HE_null,1,1,1,1,1,1,1,361335561
336,201217702_HE_null,1,1,1,1,1,1,1,362730249
337,201232688_HE_3,1,1,1,1,1,1,1,333564672
338,201241798_HE_4,1,1,1,1,1,1,1,317934336
339,201235577_HE_2,1,1,1,1,1,1,1,262503168
341,201218796_HE_null,1,1,1,1,1,1,1,334916361
342,201206420_HE_2,1,1,1,1,1,1,1,286944000
343,201305246_HE_3,1,1,1,1,1,1,1,252795648
344,201200072_HE_4,1,1,1,1,1,1,1,366988032
347,201260624_HE_3,1,1,1,1,1,1,1,328004352
349,201233490_HE_2,1,1,1,1,1,1,1,282262272
350,201208486_HE_3,1,1,1,1,1,1,1,252629760
351,201239085_HE_3,1,1,1,1,1,1,1,299416320
355,201246258_HE_5,1,1,1,1,1,1,1,388135680
356,201234038_HE_4,1,1,1,1,1,1,1,377850624
357,201207943_HE_4,1,1,1,1,1,1,1,250829568
360,201245415_HE_3,1,1,1,1,1,1,1,357403392
361,201251043_HE_5,1,1,1,1,1,1,1,369218304
363,201250726_HE_1,1,1,1,1,1,1,1,232391424
366,201330698_HE_5,1,1,1,1,1,1,1,276044544
369,201244372_HE_1,1,1,1,1,1,1,1,271627008
370,201210902_HE_null,1,1,1,1,1,1,1,326880009
371,201301921_HE_1,1,1,1,1,1,1,1,357090048
373,201125026_HE_9,1,1,1,1,1,1,1,214715136
375,201306010_HE_3,1,1,1,1,1,1,1,275442432
376,201211752_HE_2,1,1,1,1,1,1,1,355388160
377,201202723_HE_4,1,1,1,1,1,1,1,177470208
378,201241550_HE_7,1,1,1,1,1,1,1,276714240
379,201259827_HE_5,1,1,1,1,1,1,1,294519552
382,201259788_HE_1,1,1,1,1,1,1,1,323900160
383,201239854_HE_2,1,1,1,1,1,1,1,280197888
385,201232351_HE_2,1,1,1,1,1,1,1,339376896
387,201256602_HE_3,1,1,1,1,1,1,1,290765568
389,201204346_HE_3,1,1,1,1,1,1,1,267412224
390,201265561_HE_null,1,1,1,1,1,1,1,262773513
398,201235077_HE_2,1,1,1,1,1,1,1,372394752
399,201123302_HE_3,1,1,1,1,1,1,1,303858432
401,201208191_HE_4,1,1,1,1,1,1,1,363209472
402,201209049_HE_3,1,1,1,1,1,1,1,349729536
404,201320335_HE_null,1,1,1,1,1,1,1,266416905
405,201255354_HE_4,1,1,1,1,1,1,1,382673664
406,201305706_HE_3,1,1,1,1,1,1,1,252506880
407,201129356_HE_2,1,1,1,1,1,1,1,266060544
409,201234852_HE_2,1,1,1,1,1,1,1,353250048
410,201127879_HE_1,1,1,1,1,1,1,1,326474496
412,201241047_HE_2,1,1,1,1,1,1,1,372050688
413,201200664_HE_15,1,1,1,1,1,1,1,206396163
417,201216259_HE_5,1,1,1,1,1,1,1,249201408
419,201133867_HE_null,1,1,1,1,1,1,1,216367881
420,201243809_HE_3,1,1,1,1,1,1,1,388393728
422,201308609_HE_5,1,1,1,1,1,1,1,376916736
424,201230557_HE_3,1,1,1,1,1,1,1,343081728
427,201250328_HE_3,1,1,1,1,1,1,1,190329600
428,201347182_HE_4,1,1,1,1,1,1,1,361636608
429,201222819_HE_null,1,1,1,1,1,1,1,376056585
430,201302212_HE_null,1,1,1,1,1,1,1,224809737
432,201232946_HE_3,1,1,1,1,1,1,1,370256640
434,201656901_HE_3,1,1,1,1,1,1,1,231168768
436,201457729_HE_5,1,1,1,1,1,1,1,191767296
437,201232958_HE_5,1,1,1,1,1,1,1,336335616
439,201638887_HE_3,1,1,1,1,1,1,1,346737408
443,201205912_HE_3,1,1,1,1,1,1,1,224594688
444,201354099_HE_5,1,1,1,1,1,1,1,255013632
447,201227778_HE_4,1,1,1,1,1,1,1,385444608
448,201454554_HE_7,1,1,1,1,1,1,1,369918720
450,201476564_HE_3,1,1,1,1,1,1,1,389167872
451,201462529_HE_6,1,1,1,1,1,1,1,367074048
452,201158327_HE_4,1,1,1,1,1,1,1,187171584
453,201222499_HE_null,1,1,1,1,1,1,1,257735433
454,201133879_HE_4,1,1,1,1,1,1,1,324213504
455,201428914_HE_3,1,1,1,1,1,1,1,307378944
457,201346965_HE_4,1,1,1,1,1,1,1,262429440
458,201207933_HE_2,1,1,1,1,1,1,1,344838912
459,201642179_HE_3,1,1,1,1,1,1,1,172438272
460,201328265_HE_2,1,1,1,1,1,1,1,291699456
462,201469062_HE_null,1,1,1,1,1,1,1,307010313
463,201416091_HE_6,1,1,1,1,1,1,1,275442432
464,201403500_HE_6,1,1,1,1,1,1,1,366484224
465,201669477_HE_6,1,1,1,1,1,1,1,387816192
467,201304115_HE_4,1,1,1,1,1,1,1,339512064
468,201443005_HE_3,1,1,1,1,1,1,1,215427840
469,201473849_HE_3,1,1,1,1,1,1,1,315882240
471,201124309_HE_8,1,1,1,1,1,1,1,384547584
472,201256019_HE_1,1,1,1,1,1,1,1,346061568
473,201638904_HE_1,1,1,1,1,1,1,1,163080960
475,201227730_HE_5,1,1,1,1,1,1,1,199035648
478,201420270_HE_2,1,1,1,1,1,1,1,382649088
479,201421611_HE_7,1,1,1,1,1,1,1,368794368
480,201340767_HE_3,1,1,1,1,1,1,1,350479104
481,201438226_HE_null,1,1,1,1,1,1,1,17824521
483,201260027_HE_4,1,1,1,1,1,1,1,369212160
484,201129438_HE_1,1,1,1,1,1,1,1,334308096
485,201671434_HE_3,1,1,1,1,1,1,1,367725312
488,201474558_HE_null,1,1,1,1,1,1,1,228139785
489,201658756_HE_4,1,1,1,1,1,1,1,356334336
490,201228058_HE_2,1,1,1,1,1,1,1,382046976
492,201333882_HE_null,1,1,1,1,1,1,1,182182665
494,201439976_HE_null,1,1,1,1,1,1,1,337681161
496,201315326_HE_10,1,1,1,1,1,1,1,298212099
498,201252878_HE_3,1,1,1,1,1,1,1,335936256
501,201331282_HE_4,1,1,1,1,1,1,1,296940288
502,201467536_HE_null,1,1,1,1,1,1,1,376904457
504,201235878_HE_3,1,1,1,1,1,1,1,382139136
505,201266838_HE_null,1,1,1,1,1,1,1,381506313
506,201228632_HE_3,1,1,1,1,1,1,1,365703936
507,201234021_HE_4,1,1,1,1,1,1,1,374588160
509,201624571_HE_4,1,1,1,1,1,1,1,286980864
510,201471495_HE_6,1,1,1,1,1,1,1,289948416
511,201126457_HE_5,1,1,1,1,1,1,1,360346368
514,201207440_HE_7,1,1,1,1,1,1,1,301634304
518,201319733_HE_4,1,1,1,1,1,1,1,325049088
519,201230839_HE_3,1,1,1,1,1,1,1,312662784
521,201203223_HE_4,1,1,1,1,1,1,1,330879744
523,201336170_HE_4,1,1,1,1,1,1,1,159271680
524,201213134_HE_11,1,1,1,1,1,1,1,365298435
526,201232954_HE_4,1,1,1,1,1,1,1,351118080
531,201265638_HE_null,1,1,1,1,1,1,1,237656841
533,201306757_HE_6,1,1,1,1,1,1,1,263203584
535,201451987_HE_4,1,1,1,1,1,1,1,201868032
536,201239582_HE_1,1,1,1,1,1,1,1,385186560
540,201224427_HE_null,1,1,1,1,1,1,1,348199689
542,201318536_HE_null,1,1,1,1,1,1,1,366416649
545,201427888_HE_11,1,1,1,1,1,1,1,124760835
546,201357779_HE_4,1,1,1,1,1,1,1,383625984
547,201356069_HE_2,1,1,1,1,1,1,1,325085952
548,201316495_HE_null,1,1,1,1,1,1,1,358589193
549,201424533_HE_6,1,1,1,1,1,1,1,283828992
551,201323924_HE_4,1,1,1,1,1,1,1,252230400
552,201355283_HE_4,1,1,1,1,1,1,1,341060352
556,201220515_HE_null,1,1,1,1,1,1,1,255050505
558,201353746_HE_5,1,1,1,1,1,1,1,344144640
559,201337357_HE_2,1,1,1,1,1,1,1,339616512
563,201331825_HE_6,1,1,1,1,1,1,1,339340032
564,201622488_HE_7,1,1,1,1,1,1,1,301204224
566,201615614_HE_3,1,1,1,1,1,1,1,376406784
567,201311037_HE_5,1,1,1,1,1,1,1,380947200
569,201305707_HE_6,1,1,1,1,1,1,1,382857984
570,201227389_HE_5,1,1,1,1,1,1,1,320914176
572,201602801_HE_4,1,1,1,1,1,1,1,366428928
573,201124034_HE_2,1,1,1,1,1,1,1,244323072
574,201316182_HE_null,1,1,1,1,1,1,1,317283081
575,201606033_HE_6,1,1,1,1,1,1,1,269525760
578,201643333_HE_7,1,1,1,1,1,1,1,353569536
579,201324989_HE_3,1,1,1,1,1,1,1,229460736
580,201322927_HE_7,1,1,1,1,1,1,1,279902976
582,201352663_HE_3,1,1,1,1,1,1,1,345189120
585,201421604_HE_3,1,1,1,1,1,1,1,381524736
587,201416366_HE_6,1,1,1,1,1,1,1,347161344
588,201467535_HE_null,1,1,1,1,1,1,1,241134345
589,201441753_HE_2,1,1,1,1,1,1,1,318708480
591,201449007_HE_5,1,1,1,1,1,1,1,309345024
592,201434121_HE_5,1,1,1,1,1,1,1,317233920
593,201463502_HE_1,1,1,1,1,1,1,1,78766848
594,201457692_HE_null,1,1,1,1,1,1,1,319599369
595,201424625_HE_3,1,1,1,1,1,1,1,344421120
596,201436138_HE_7,1,1,1,1,1,1,1,295643904
597,201426866_HE_4,1,1,1,1,1,1,1,350380800
598,201428342_HE_4,1,1,1,1,1,1,1,245220096
599,201440303_HE_3,1,1,1,1,1,1,1,360033024
600,201449123_HE_null,1,1,1,1,1,1,1,362502921
601,201421895_HE_1,1,1,1,1,1,1,1,54067968
603,201432703_HE_3,1,1,1,1,1,1,1,56918784
604,201437833_HE_4,1,1,1,1,1,1,1,182201088
605,201452369_HE_3,1,1,1,1,1,1,1,325645056
606,201467586_HE_2,1,1,1,1,1,1,1,325085952
607,201436232_HE_null,1,1,1,1,1,1,1,264014601
608,201477885_HE_3,1,1,1,1,1,1,1,344937216
609,201442293_HE_3,1,1,1,1,1,1,1,121074432
610,201463571_HE_4,1,1,1,1,1,1,1,315421440
611,201433402_HE_4,1,1,1,1,1,1,1,77765376
612,201432716_HE_1,1,1,1,1,1,1,1,69937920
614,201472179_HE_4,1,1,1,1,1,1,1,208995072
615,201477869_HE_3,1,1,1,1,1,1,1,319912704
616,201454327_HE_3,1,1,1,1,1,1,1,357090048
617,201465833_HE_3,1,1,1,1,1,1,1,270594816
620,201456317_HE_3,1,1,1,1,1,1,1,226228992
622,201463528_HE_3,1,1,1,1,1,1,1,178281216
623,201429913_HE_3,1,1,1,1,1,1,1,42732288
625,201463498_HE_2,1,1,1,1,1,1,1,270226176
626,201423248_HE_10,1,1,1,1,1,1,1,364542723
627,201473834_HE_null,1,1,1,1,1,1,1,253004553
628,201466840_HE_3,1,1,1,1,1,1,1,370735872
631,201418923_HE_2,1,1,1,1,1,1,1,98489088
632,201430279_HE_4,1,1,1,1,1,1,1,51616512
633,201429903_HE_4,1,1,1,1,1,1,1,327156480
634,201441967_HE_6,1,1,1,1,1,1,1,270072576
635,201459506_HE_null,1,1,1,1,1,1,1,362146569
637,201408845_HE_6,1,1,1,1,1,1,1,365765376
638,201432692_HE_2,1,1,1,1,1,1,1,350190336
641,201461476_HE_3,1,1,1,1,1,1,1,369353472
642,201477261_HE_3,1,1,1,1,1,1,1,344746752
643,201683291_HE_2,1,1,1,1,1,1,1,229595904
644,201464211_HE_5,1,1,1,1,1,1,1,281107200
646,201452692_HE_5,1,1,1,1,1,1,1,310506240
647,201467560_HE_null,1,1,1,1,1,1,1,202943241
648,201453592_HE_8,1,1,1,1,1,1,1,338301696
649,201474275_HE_10,1,1,1,1,1,1,1,271074051
650,201439498_HE_4,1,1,1,1,1,1,1,300276480
652,201477558_HE_4,1,1,1,1,1,1,1,312417024
654,201415782_HE_5,1,1,1,1,1,1,1,102028032
655,201682614_HE_5,1,1,1,1,1,1,1,316994304
656,201446638_HE_6,1,1,1,1,1,1,1,226112256
657,201468645_HE_6,1,1,1,1,1,1,1,308343552
658,201434468_HE_8,1,1,1,1,1,1,1,300485376
659,201432841_HE_4,1,1,1,1,1,1,1,102298368
660,201425156_HE_3,1,1,1,1,1,1,1,333865728
661,201636746_HE_5,1,1,1,1,1,1,1,308374272
662,201619273_HE_5,1,1,1,1,1,1,1,138437376
664,201624606_HE_4,1,1,1,1,1,1,1,195619584
665,201424515_HE_1,1,1,1,1,1,1,1,70429440
666,201465176_HE_5,1,1,1,1,1,1,1,324244224
667,201460474_HE_5,1,1,1,1,1,1,1,292774656
668,201476568_HE_4,1,1,1,1,1,1,1,345840384
669,201439120_HE_6,1,1,1,1,1,1,1,344752896
670,201471589_HE_1,1,1,1,1,1,1,1,312951552
671,201462918_HE_4,1,1,1,1,1,1,1,314229504
672,201434204_HE_6,1,1,1,1,1,1,1,352641792
673,201449001_HE_2,1,1,1,1,1,1,1,306168576
674,201435823_HE_5,1,1,1,1,1,1,1,368136960
678,201464845_HE_5,1,1,1,1,1,1,1,375786240
680,201634460_HE_6,1,1,1,1,1,1,1,295877376
684,201434442_HE_8,1,1,1,1,1,1,1,310979328
685,201471143_HE_7,1,1,1,1,1,1,1,372044544
686,201437820_HE_null,1,1,1,1,1,1,1,352574217
687,201640383_HE_14,1,1,1,1,1,1,1,334498563
688,201412185_HE_7,1,1,1,1,1,1,1,328336128
689,201467527_HE_null,1,1,1,1,1,1,1,320035593
690,201437924_HE_4,1,1,1,1,1,1,1,360248064
691,201476625_HE_null,1,1,1,1,1,1,1,265612041
693,201670587_HE_5,1,1,1,1,1,1,1,293235456
694,201661692_HE_3,1,1,1,1,1,1,1,296301312
695,201446940_HE_5,1,1,1,1,1,1,1,354988800
697,201436769_HE_null,1,1,1,1,1,1,1,151352073
704,201679734_HE_8,1,1,1,1,1,1,1,203078400
705,201627232_HE_2,1,1,1,1,1,1,1,354988800
706,201409423_HE_4,1,1,1,1,1,1,1,313357056
707,201661271_HE_4,1,1,1,1,1,1,1,266257152
708,201662653_HE_5,1,1,1,1,1,1,1,333404928
709,201471865_HE_null,1,1,1,1,1,1,1,378385161
710,201645485_HE_3,1,1,1,1,1,1,1,321927936
711,201659070_HE_6,1,1,1,1,1,1,1,224809728
713,201467918_HE_null,1,1,1,1,1,1,1,360162057
715,201462758_HE_5,1,1,1,1,1,1,1,108712704
716,201430228_HE_6,1,1,1,1,1,1,1,350030592
718,201455716_HE_6,1,1,1,1,1,1,1,237417216
719,201465163_HE_null,1,1,1,1,1,1,1,207164169
722,201416395_HE_3,1,1,1,1,1,1,1,329804544
723,201413211_HE_4,1,1,1,1,1,1,1,87767808
724,201441741_HE_4,1,1,1,1,1,1,1,390537984
725,201477571_HE_7,1,1,1,1,1,1,1,90452736
727,201602112_HE_3,1,1,1,1,1,1,1,361710336
728,201451348_HE_3,1,1,1,1,1,1,1,282379008
729,201441037_HE_6,1,1,1,1,1,1,1,375380736
730,201615682_HE_2,1,1,1,1,1,1,1,382329600
731,201659037_HE_6,1,1,1,1,1,1,1,331088640
732,201474190_HE_2,1,1,1,1,1,1,1,74251008
733,201447343_HE_4,1,1,1,1,1,1,1,234787584
735,201467568_HE_null,1,1,1,1,1,1,1,172253961
736,201679699_HE_3,1,1,1,1,1,1,1,294587136
739,201477551_HE_null,1,1,1,1,1,1,1,344537865
740,201654004_HE_3,1,1,1,1,1,1,1,340046592
742,201424180_HE_3,1,1,1,1,1,1,1,368093952
744,201619278_HE_9,1,1,1,1,1,1,1,274852608
745,201427193_HE_3,1,1,1,1,1,1,1,235070208
747,201685796_HE_3,1,1,1,1,1,1,1,383773440
748,201474947_HE_4,1,1,1,1,1,1,1,376038144
751,201611055_HE_7,1,1,1,1,1,1,1,271811328
753,201685455_HE_7,1,1,1,1,1,1,1,58381056
755,201446964_HE_7,1,1,1,1,1,1,1,384504576
756,201448694_HE_null,1,1,1,1,1,1,1,323175177
757,201435467_HE_6,1,1,1,1,1,1,1,253864704
758,201417747_HE_3,1,1,1,1,1,1,1,344046336
759,201426847_HE_3,1,1,1,1,1,1,1,245680896
761,201451991_HE_5,1,1,1,1,1,1,1,350804736
762,201648461_HE_3,1,1,1,1,1,1,1,214690560
763,201423254_HE_null,1,1,1,1,1,1,1,268327689
764,201445055_HE_6,1,1,1,1,1,1,1,302248704
765,201401190_HE_1,1,1,1,1,1,1,1,51770112
766,201461867_HE_3,1,1,1,1,1,1,1,318315264
767,201403959_HE_null,1,1,1,1,1,1,1,367381257
769,201444626_HE_1,1,1,1,1,1,1,1,135144192
771,201452300_HE_null,1,1,1,1,1,1,1,299109129
772,201471156_HE_null,1,1,1,1,1,1,1,148943625
773,201415751_HE_3,1,1,1,1,1,1,1,218297088
774,201655279_HE_7,1,1,1,1,1,1,1,293014272
776,201433446_HE_3,1,1,1,1,1,1,1,101886720
777,201630776_HE_5,1,1,1,1,1,1,1,117412608
780,201641437_HE_9,1,1,1,1,1,1,1,336280320
782,201478533_HE_6,1,1,1,1,1,1,1,261667584
783,201609404_HE_6,1,1,1,1,1,1,1,286827264
784,201447621_HE_null,1,1,1,1,1,1,1,265544457
786,201425634_HE_6,1,1,1,1,1,1,1,137104128
787,201469759_HE_6,1,1,1,1,1,1,1,115538688
788,201466162_HE_4,1,1,1,1,1,1,1,348046080
790,201647678_HE_4,1,1,1,1,1,1,1,235893504
791,201474571_HE_5,1,1,1,1,1,1,1,280965888
792,201649148_HE_6,1,1,1,1,1,1,1,116644608
793,201620621_HE_2,1,1,1,1,1,1,1,295115520
794,201435447_HE_null,1,1,1,1,1,1,1,303078153
797,201466186_HE_3,1,1,1,1,1,1,1,336403200
798,201450043_HE_5,1,1,1,1,1,1,1,384498432
799,201638859_HE_2,1,1,1,1,1,1,1,262638336
801,201426351_HE_8,1,1,1,1,1,1,1,277199616
804,201471497_HE_3,1,1,1,1,1,1,1,381223680
805,201126442_HE_5,1,1,1,1,1,1,1,389997312
810,201205352_HE_4,1,1,1,1,1,1,1,300503808
811,201205660_HE_3,1,1,1,1,1,1,1,374932224
813,201209867_HE_3,1,1,1,1,1,1,1,276087552
815,201215739_HE_null,1,1,1,1,1,1,1,311016201
817,201226070_HE_null,1,1,1,1,1,1,1,284173065
818,201228001_HE_null,1,1,1,1,1,1,1,301695753
821,201240769_HE_3,1,1,1,1,1,1,1,189604608
824,201250117_HE_3,1,1,1,1,1,1,1,305320704
825,201251024_HE_4,1,1,1,1,1,1,1,223587072
826,201251325_HE_3,1,1,1,1,1,1,1,354208512
827,201251654_HE_7,1,1,1,1,1,1,1,354171648
828,201257755_HE_1,1,1,1,1,1,1,1,372345600
829,201261432_HE_3,1,1,1,1,1,1,1,187368192
830,201262611_HE_3,1,1,1,1,1,1,1,333263616
832,201267171_HE_2,1,1,1,1,1,1,1,268886784
833,201300420_HE_null,1,1,1,1,1,1,1,323869449
836,201327980_HE_1,1,1,1,1,1,1,1,330670848
839,201332987_HE_4,1,1,1,1,1,1,1,304890624
840,201333022_HE_3,1,1,1,1,1,1,1,385690368
842,201333856_HE_3,1,1,1,1,1,1,1,210297600
844,201340771_HE_8,1,1,1,1,1,1,1,224269056
845,201342635_HE_7,1,1,1,1,1,1,1,218524416
850,201348432_HE_null,1,1,1,1,1,1,1,383085321
852,201351446_HE_4,1,1,1,1,1,1,1,260266752
853,201356891_HE_null,1,1,1,1,1,1,1,353889033
854,201357144_HE_5,1,1,1,1,1,1,1,270140160
857,201358012_HE_3,1,1,1,1,1,1,1,255916800
858,201360140_HE_7,1,1,1,1,1,1,1,293616384
859,201361256_HE_5,1,1,1,1,1,1,1,225153792
860,201364470_HE_5,1,1,1,1,1,1,1,345422592
862,201365838_HE_3,1,1,1,1,1,1,1,302181120
864,201366191_HE_1,1,1,1,1,1,1,1,225878784
867,201424583_HE_4,1,1,1,1,1,1,1,271473408
871,201433764_HE_3,1,1,1,1,1,1,1,244372224
872,201449359_HE_3,1,1,1,1,1,1,1,299723520
874,201450054_HE_3,1,1,1,1,1,1,1,357354240
876,201455987_HE_6,1,1,1,1,1,1,1,251167488
878,201470485_HE_5,1,1,1,1,1,1,1,328735488
880,201474201_HE_4,1,1,1,1,1,1,1,252248832
885,201527377_HE_5,1,1,1,1,1,1,1,319064832
886,201527762_HE_5,1,1,1,1,1,1,1,308208384
887,201530605_HE_3,1,1,1,1,1,1,1,359860992
888,201539357_HE_3,1,1,1,1,1,1,1,299115264
889,201545326_HE_4,1,1,1,1,1,1,1,345914112
894,201570891_HE_3,1,1,1,1,1,1,1,303907584
896,201576538_HE_4,1,1,1,1,1,1,1,297468672
897,201583414_HE_3,1,1,1,1,1,1,1,251855616
899,201640645_HE_5,1,1,1,1,1,1,1,365120256
900,201641757_HE_2,1,1,1,1,1,1,1,178649856
901,201649380_HE_4,1,1,1,1,1,1,1,201812736
902,201649435_HE_3,1,1,1,1,1,1,1,213234432
907,201123052_HE_2,1,1,1,1,1,1,1,195650304
909,201125276_HE_null,1,1,1,1,1,1,1,297265929
914,201126453_HE_5,1,1,1,1,1,1,1,330345216
919,201128744_HE_2,1,1,1,1,1,1,1,224957184
920,201128768_HE_3,1,1,1,1,1,1,1,383441664
923,201129215_HE_2,1,1,1,1,1,1,1,383410944
926,201129990_HE_null,1,1,1,1,1,1,1,322530057
929,201132369_HE_1,1,1,1,1,1,1,1,277998336
930,201133210_HE_4,1,1,1,1,1,1,1,363166464
932,201134791_HE_3,1,1,1,1,1,1,1,243426048
934,201200246_HE_5,1,1,1,1,1,1,1,310192896
935,201200453_HE_1,1,1,1,1,1,1,1,348494592
936,201200462_HE_1,1,1,1,1,1,1,1,293911296
937,201201111_HE_6,1,1,1,1,1,1,1,223937280
938,201202725_HE_4,1,1,1,1,1,1,1,273752832
939,201202734_HE_4,1,1,1,1,1,1,1,346761984
940,201203490_HE_7,1,1,1,1,1,1,1,226345728
941,201203782_HE_2,1,1,1,1,1,1,1,165231360
945,201205566_HE_2,1,1,1,1,1,1,1,372855552
946,201205585_HE_4,1,1,1,1,1,1,1,327641856
949,201210076_HE_null,1,1,1,1,1,1,1,384203529
952,201212572_HE_null,1,1,1,1,1,1,1,180388617
953,201214443_HE_null,1,1,1,1,1,1,1,219206409
955,201214996_HE_2,1,1,1,1,1,1,1,360180480
958,201218861_HE_null,1,1,1,1,1,1,1,235088649
960,201219695_HE_null,1,1,1,1,1,1,1,299453193
961,201219735_HE_null,1,1,1,1,1,1,1,144648969
962,201220752_HE_4,1,1,1,1,1,1,1,355861248
963,201221046_HE_null,1,1,1,1,1,1,1,296510217
966,201158804_HE_1,1,1,1,1,1,1,1,225547008
968,201224425_HE_null,1,1,1,1,1,1,1,379976457
970,201254799_HE_2,1,1,1,1,1,1,1,164721408
973,201330693_HE_4,1,1,1,1,1,1,1,360186624
974,201336816_HE_5,1,1,1,1,1,1,1,299440896
975,201343401_HE_7,1,1,1,1,1,1,1,296694528
977,201353123_HE_5,1,1,1,1,1,1,1,277771008
980,201365931_HE_2,1,1,1,1,1,1,1,282858240
983,201467551_HE_null,1,1,1,1,1,1,1,257809161
985,201525279_HE_3,1,1,1,1,1,1,1,343554816
987,201546766_HE_5,1,1,1,1,1,1,1,381856512
989,201574709_HE_3,1,1,1,1,1,1,1,307471104
990,201624208_HE_3,1,1,1,1,1,1,1,359437056
993,201669909_HE_2,1,1,1,1,1,1,1,360229632
994,201224965_HE_null,1,1,1,1,1,1,1,271092489
996,201225740_HE_null,1,1,1,1,1,1,1,289506057
1000,201229162_HE_4,1,1,1,1,1,1,1,335948544
1001,201230074_HE_4,1,1,1,1,1,1,1,324379392
1004,201234029_HE_3,1,1,1,1,1,1,1,320914176
1007,201236201_HE_1,1,1,1,1,1,1,1,384320256
1010,201241039_HE_5,1,1,1,1,1,1,1,266060544
1014,201244379_HE_2,1,1,1,1,1,1,1,347302656
1019,201247868_HE_9,1,1,1,1,1,1,1,239162112
1021,201250720_HE_2,1,1,1,1,1,1,1,322419456
1024,201253114_HE_5,1,1,1,1,1,1,1,149859072
1025,201253386_HE_4,1,1,1,1,1,1,1,371448576
1029,201257440_HE_2,1,1,1,1,1,1,1,327230208
1032,201259490_HE_1,1,1,1,1,1,1,1,328299264
1034,201260567_HE_3,1,1,1,1,1,1,1,389997312
1036,201260658_HE_8,1,1,1,1,1,1,1,358232832
1037,201260933_HE_2,1,1,1,1,1,1,1,364432128
1040,201262612_HE_11,1,1,1,1,1,1,1,253637379
1042,201264029_HE_1,1,1,1,1,1,1,1,301265664
1044,201264765_HE_null,1,1,1,1,1,1,1,335739657
1045,201265286_HE_null,1,1,1,1,1,1,1,189917961
1046,201265313_HE_null,1,1,1,1,1,1,1,373789449
1049,201300885_HE_4,1,1,1,1,1,1,1,377346816
1050,201300946_HE_2,1,1,1,1,1,1,1,387889920
1052,201301951_HE_4,1,1,1,1,1,1,1,258632448
1055,201303136_HE_7,1,1,1,1,1,1,1,363498240
1056,201303826_HE_4,1,1,1,1,1,1,1,379024128
1057,201303889_HE_4,1,1,1,1,1,1,1,360721152
1058,201304800_HE_4,1,1,1,1,1,1,1,370090752
1059,201305258_HE_4,1,1,1,1,1,1,1,287613696
1060,201306767_HE_4,1,1,1,1,1,1,1,242227968
1061,201307200_HE_4,1,1,1,1,1,1,1,329503488
1062,201307217_HE_4,1,1,1,1,1,1,1,252586752
1065,201327626_HE_4,1,1,1,1,1,1,1,340452096
1066,201327633_HE_2,1,1,1,1,1,1,1,250663680
1067,201327897_HE_5,1,1,1,1,1,1,1,243063552
1071,201329892_HE_2,1,1,1,1,1,1,1,280173312
1074,201330699_HE_1,1,1,1,1,1,1,1,342534912
1077,201331527_HE_3,1,1,1,1,1,1,1,354687744
1078,201331533_HE_4,1,1,1,1,1,1,1,281230080
1083,201333233_HE_3,1,1,1,1,1,1,1,356899584
1084,201333528_HE_11,1,1,1,1,1,1,1,338031363
1090,201337903_HE_7,1,1,1,1,1,1,1,310592256
1093,201341220_HE_5,1,1,1,1,1,1,1,258798336
1094,201341247_HE_3,1,1,1,1,1,1,1,198028032
1096,201341337_HE_null,1,1,1,1,1,1,1,385039113
1098,201341579_HE_3,1,1,1,1,1,1,1,246289152
1100,201342037_HE_4,1,1,1,1,1,1,1,257489664
1101,201342594_HE_3,1,1,1,1,1,1,1,184818432
1103,201342920_HE_3,1,1,1,1,1,1,1,378360576
1109,201343995_HE_3,1,1,1,1,1,1,1,337533696
1110,201344215_HE_3,1,1,1,1,1,1,1,342037248
1111,201345099_HE_2,1,1,1,1,1,1,1,389720832
1112,201345330_HE_2,1,1,1,1,1,1,1,386956032
1113,201345352_HE_3,1,1,1,1,1,1,1,278913792
1114,201345568_HE_1,1,1,1,1,1,1,1,298433280
1116,201346737_HE_10,1,1,1,1,1,1,1,298513155
1117,201346984_HE_3,1,1,1,1,1,1,1,382384896
1120,201347243_HE_2,1,1,1,1,1,1,1,377475840
1121,201347259_HE_5,1,1,1,1,1,1,1,293229312
1122,201348130_HE_2,1,1,1,1,1,1,1,347665152
1123,201348409_HE_2,1,1,1,1,1,1,1,316465920
1124,201348471_HE_1,1,1,1,1,1,1,1,328876800
1125,201348734_HE_1,1,1,1,1,1,1,1,363166464
1126,201349069_HE_3,1,1,1,1,1,1,1,278840064
1131,201349645_HE_4,1,1,1,1,1,1,1,337853184
1133,201350549_HE_5,1,1,1,1,1,1,1,281494272
1134,201350910_HE_4,1,1,1,1,1,1,1,335813376
1136,201352026_HE_3,1,1,1,1,1,1,1,286882560
1137,201352885_HE_11,1,1,1,1,1,1,1,364002051
1138,201353495_HE_3,1,1,1,1,1,1,1,326726400
1145,201356026_HE_4,1,1,1,1,1,1,1,294746880
1146,201356563_HE_3,1,1,1,1,1,1,1,230578944
1147,201356883_HE_6,1,1,1,1,1,1,1,314831616
1148,201357156_HE_5,1,1,1,1,1,1,1,380517120
1149,201357765_HE_3,1,1,1,1,1,1,1,382169856
1150,201357767_HE_5,1,1,1,1,1,1,1,317639424
1151,201357783_HE_3,1,1,1,1,1,1,1,251517696
1153,201358328_HE_3,1,1,1,1,1,1,1,381524736
1157,201360062_HE_2,1,1,1,1,1,1,1,264217344
1158,201360074_HE_4,1,1,1,1,1,1,1,346049280
1161,201360341_HE_5,1,1,1,1,1,1,1,387152640
1165,201360910_HE_2,1,1,1,1,1,1,1,204337920
1166,201360920_HE_4,1,1,1,1,1,1,1,284197632
1167,201361524_HE_5,1,1,1,1,1,1,1,349864704
1170,201361791_HE_3,1,1,1,1,1,1,1,252556032
1171,201361857_HE_1,1,1,1,1,1,1,1,323531520
1172,201362096_HE_2,1,1,1,1,1,1,1,279816960
1173,201362382_HE_null,1,1,1,1,1,1,1,182213385
1175,201363541_HE_2,1,1,1,1,1,1,1,333921024
1177,201363843_HE_6,1,1,1,1,1,1,1,278575872
1179,201364524_HE_3,1,1,1,1,1,1,1,348046080
1182,201365596_HE_2,1,1,1,1,1,1,1,270533376
1186,201366123_HE_4,1,1,1,1,1,1,1,279694080
1187,201366184_HE_null,1,1,1,1,1,1,1,269697801
1189,201366698_HE_8,1,1,1,1,1,1,1,348107520
1191,201400310_HE_2,1,1,1,1,1,1,1,188087040
1192,201401636_HE_4,1,1,1,1,1,1,1,383460096
1193,201404940_HE_2,1,1,1,1,1,1,1,387134208
1194,201408055_HE_5,1,1,1,1,1,1,1,220551936
1196,201412203_HE_4,1,1,1,1,1,1,1,288006912
1200,201416393_HE_3,1,1,1,1,1,1,1,203840256
1201,201416762_HE_3,1,1,1,1,1,1,1,322013952
1202,201419941_HE_5,1,1,1,1,1,1,1,301652736
1205,201423297_HE_null,1,1,1,1,1,1,1,360905481
1206,201424802_HE_7,1,1,1,1,1,1,1,292276992
1207,201427508_HE_null,1,1,1,1,1,1,1,319992585
1214,201447602_HE_5,1,1,1,1,1,1,1,260807424
1215,201449380_HE_4,1,1,1,1,1,1,1,288645888
1216,201449674_HE_4,1,1,1,1,1,1,1,287957760
1217,201450345_HE_3,1,1,1,1,1,1,1,360364800
1218,201452972_HE_4,1,1,1,1,1,1,1,272972544
1219,201453255_HE_2,1,1,1,1,1,1,1,346479360
1220,201453256_HE_4,1,1,1,1,1,1,1,308318976
1221,201453285_HE_5,1,1,1,1,1,1,1,282864384
1223,201454999_HE_5,1,1,1,1,1,1,1,352150272
1224,201456019_HE_9,1,1,1,1,1,1,1,240046848
1226,201459457_HE_5,1,1,1,1,1,1,1,271098624
1227,201459771_HE_2,1,1,1,1,1,1,1,118266624
1228,201461850_HE_4,1,1,1,1,1,1,1,238922496
1230,201463908_HE_4,1,1,1,1,1,1,1,383712000
1232,201467164_HE_null,1,1,1,1,1,1,1,373506825
1233,201467224_HE_3,1,1,1,1,1,1,1,207403776
1235,201471112_HE_2,1,1,1,1,1,1,1,365304576
1236,201471530_HE_6,1,1,1,1,1,1,1,364229376
1238,201471864_HE_4,1,1,1,1,1,1,1,255830784
1241,201472230_HE_9,1,1,1,1,1,1,1,368818944
1242,201472447_HE_4,1,1,1,1,1,1,1,276867840
1245,201473864_HE_5,1,1,1,1,1,1,1,323851008
1247,201478207_HE_3,1,1,1,1,1,1,1,380787456
1248,201478861_HE_3,1,1,1,1,1,1,1,365943552
1250,201500044_HE_3,1,1,1,1,1,1,1,315089664
1252,201500319_HE_2,1,1,1,1,1,1,1,368468736
1253,201500337_HE_null,1,1,1,1,1,1,1,275374857
1254,201502345_HE_null,1,1,1,1,1,1,1,130849545
1255,201506001_HE_null,1,1,1,1,1,1,1,361501449
1257,201508028_HE_5,1,1,1,1,1,1,1,311569152
1261,201519451_HE_null,1,1,1,1,1,1,1,250657545
1264,201524588_HE_4,1,1,1,1,1,1,1,292412160
1265,201524599_HE_4,1,1,1,1,1,1,1,255781632
1266,201526012_HE_null,1,1,1,1,1,1,1,316214025
1270,201529174_HE_null,1,1,1,1,1,1,1,262576905
1272,201531938_HE_4,1,1,1,1,1,1,1,342780672
1275,201533070_HE_2,1,1,1,1,1,1,1,298660608
1276,201533408_HE_null,1,1,1,1,1,1,1,226063113
1277,201533830_HE_null,1,1,1,1,1,1,1,254135049
1278,201534741_HE_null,1,1,1,1,1,1,1,293819145
1279,201536233_HE_null,1,1,1,1,1,1,1,347290377
1281,201536866_HE_4,1,1,1,1,1,1,1,348396288
1283,201537257_HE_null,1,1,1,1,1,1,1,257846025
1287,201538083_HE_null,1,1,1,1,1,1,1,329245449
1288,201539323_HE_null,1,1,1,1,1,1,1,326216457
1291,201541831_HE_3,1,1,1,1,1,1,1,315820800
1292,201542116_HE_null,1,1,1,1,1,1,1,137460489
1294,201545330_HE_null,1,1,1,1,1,1,1,256346889
1296,201545750_HE_4,1,1,1,1,1,1,1,328305408
1298,201547427_HE_null,1,1,1,1,1,1,1,371319561
1299,201547450_HE_null,1,1,1,1,1,1,1,258067209
1300,201547505_HE_3,1,1,1,1,1,1,1,313750272
1301,201548796_HE_null,1,1,1,1,1,1,1,267891465
1302,201549146_HE_null,1,1,1,1,1,1,1,75031305
1304,201550810_HE_4,1,1,1,1,1,1,1,351738624
1305,201551277_HE_null,1,1,1,1,1,1,1,304546569
1306,201552556_HE_3,1,1,1,1,1,1,1,214579968
1308,201553937_HE_4,1,1,1,1,1,1,1,216029952
1312,201557783_HE_5,1,1,1,1,1,1,1,180075264
1313,201558410_HE_5,1,1,1,1,1,1,1,356911872
1314,201560176_HE_null,1,1,1,1,1,1,1,346258185
1315,201560185_HE_null,1,1,1,1,1,1,1,274938633
1317,201562273_HE_4,1,1,1,1,1,1,1,311458560
1321,201564293_HE_4,1,1,1,1,1,1,1,233171712
1323,201565536_HE_6,1,1,1,1,1,1,1,277009152
1326,201569059_HE_2,1,1,1,1,1,1,1,310309632
1330,201575131_HE_3,1,1,1,1,1,1,1,326486784
1331,201575487_HE_4,1,1,1,1,1,1,1,275350272
1332,201576225_HE_3,1,1,1,1,1,1,1,294359808
1333,201578293_HE_3,1,1,1,1,1,1,1,330867456
1335,201579328_HE_4,1,1,1,1,1,1,1,222235392
1336,201581029_HE_3,1,1,1,1,1,1,1,220023552
1340,201582760_HE_3,1,1,1,1,1,1,1,383595264
1341,201583373_HE_3,1,1,1,1,1,1,1,301830912
1342,201602838_HE_5,1,1,1,1,1,1,1,331684608
1347,201624287_HE_2,1,1,1,1,1,1,1,302359296
1348,201625693_HE_5,1,1,1,1,1,1,1,269955840
1349,201626041_HE_4,1,1,1,1,1,1,1,253102848
1350,201626362_HE_4,1,1,1,1,1,1,1,371958528
1353,201629257_HE_5,1,1,1,1,1,1,1,202912512
1355,201631428_HE_2,1,1,1,1,1,1,1,382212864
1356,201631473_HE_6,1,1,1,1,1,1,1,368499456
1357,201634065_HE_3,1,1,1,1,1,1,1,306125568
1358,201634082_HE_3,1,1,1,1,1,1,1,310831872
1361,201636377_HE_6,1,1,1,1,1,1,1,322167552
1362,201639279_HE_5,1,1,1,1,1,1,1,287939328
1363,201639605_HE_5,1,1,1,1,1,1,1,359117568
1364,201643972_HE_4,1,1,1,1,1,1,1,369500928
1365,201648412_HE_5,1,1,1,1,1,1,1,194919168
1367,201648798_HE_2,1,1,1,1,1,1,1,291287808
1368,201649399_HE_4,1,1,1,1,1,1,1,314794752
1369,201652137_HE_4,1,1,1,1,1,1,1,235672320
1371,201654267_HE_3,1,1,1,1,1,1,1,314942208
1372,201655270_HE_6,1,1,1,1,1,1,1,319574784
1373,201655292_HE_5,1,1,1,1,1,1,1,344058624
1374,201655307_HE_2,1,1,1,1,1,1,1,286151424
1377,201657507_HE_4,1,1,1,1,1,1,1,225252096
1378,201658799_HE_3,1,1,1,1,1,1,1,273814272
1379,201659050_HE_4,1,1,1,1,1,1,1,390427392
1380,201659063_HE_6,1,1,1,1,1,1,1,273335040
1382,201660497_HE_5,1,1,1,1,1,1,1,293647104
1385,201661303_HE_6,1,1,1,1,1,1,1,281629440
1387,201662683_HE_13,1,1,1,1,1,1,1,298156803
1388,201663423_HE_6,1,1,1,1,1,1,1,315556608
1390,201666403_HE_5,1,1,1,1,1,1,1,324539136
1393,201667578_HE_4,1,1,1,1,1,1,1,367055616
1394,201670272_HE_3,1,1,1,1,1,1,1,287914752
1395,201670287_HE_6,1,1,1,1,1,1,1,258607872
1396,201670977_HE_3,1,1,1,1,1,1,1,271596288
1398,201672474_HE_6,1,1,1,1,1,1,1,332716800
1399,201673660_HE_3,1,1,1,1,1,1,1,309099264
1400,201677536_HE_4,1,1,1,1,1,1,1,335094528
1402,201680866_HE_5,1,1,1,1,1,1,1,382796544
1403,201681880_HE_3,1,1,1,1,1,1,1,283558656
1404,201682604_HE_4,1,1,1,1,1,1,1,186120960
1407,201684401_HE_7,1,1,1,1,1,1,1,340316928
1408,201685089_HE_3,1,1,1,1,1,1,1,291822336
1410,201686187_HE_7,1,1,1,1,1,1,1,375497472
1411,201687002_HE_3,1,1,1,1,1,1,1,362330880
1412,201687613_HE_9,1,1,1,1,1,1,1,254884608
1413,201687654_HE_5,1,1,1,1,1,1,1,384959232
